<?xml version="1.0" encoding="utf-8"?>
<ship_design>
	<plan accumulateHealth="false" convex="false">
		<item parent="517" index="519">
			<block lx="-8.15625" ly="-2.5" lz="7.90625" ux="-7.65625" uy="-2" uz="10.90625" index="104" material="0" look="0" up="5" color="ff1e1e1e"/>
		</item>
		<item parent="518" index="520">
			<block lx="-11.15625" ly="-2.5" lz="7.40625" ux="-8.15625" uy="-2" uz="7.90625" index="104" material="0" look="1" up="4" color="ff1e1e1e"/>
		</item>
		<item parent="520" index="521">
			<block lx="-8.15625" ly="-2.5" lz="7.40625" ux="-7.65625" uy="-2" uz="7.90625" index="104" material="0" look="0" up="4" color="ff1e1e1e"/>
		</item>
		<item parent="512" index="513">
			<block lx="10.15625" ly="-2.5" lz="7.90625" ux="11.15625" uy="-2" uz="9.90625" index="104" material="0" look="0" up="5" color="ff1e1e1e"/>
		</item>
		<item parent="512" index="514">
			<block lx="7.65625" ly="-2.5" lz="7.90625" ux="8.15625" uy="-2" uz="10.90625" index="104" material="0" look="1" up="5" color="ff1e1e1e"/>
		</item>
		<item parent="513" index="515">
			<block lx="8.15625" ly="-2.5" lz="7.40625" ux="11.15625" uy="-2" uz="7.90625" index="104" material="0" look="0" up="4" color="ff1e1e1e"/>
		</item>
		<item parent="515" index="516">
			<block lx="7.65625" ly="-2.5" lz="7.40625" ux="8.15625" uy="-2" uz="7.90625" index="104" material="0" look="1" up="4" color="ff1e1e1e"/>
		</item>
		<item parent="371" index="517">
			<block lx="-10.15625" ly="-2.5" lz="9.90625" ux="-8.15625" uy="-2" uz="10.90625" index="104" material="0" look="1" up="5" color="ff1e1e1e"/>
		</item>
		<item parent="517" index="518">
			<block lx="-11.15625" ly="-2.5" lz="7.90625" ux="-10.15625" uy="-2" uz="9.90625" index="104" material="0" look="1" up="5" color="ff1e1e1e"/>
		</item>
		<item parent="372" index="512">
			<block lx="8.15625" ly="-2.5" lz="9.90625" ux="10.15625" uy="-2" uz="10.90625" index="104" material="0" look="0" up="5" color="ff1e1e1e"/>
		</item>
		<item parent="510" index="511">
			<block lx="-8.15625" ly="-2.5" lz="-7.90625" ux="-7.65625" uy="-2" uz="-7.40625" index="104" material="0" look="0" up="5" color="ff1e1e1e"/>
		</item>
		<item parent="508" index="510">
			<block lx="-11.15625" ly="-2.5" lz="-7.90625" ux="-8.15625" uy="-2" uz="-7.40625" index="104" material="0" look="1" up="5" color="ff1e1e1e"/>
		</item>
		<item parent="507" index="509">
			<block lx="-8.15625" ly="-2.5" lz="-10.90625" ux="-7.65625" uy="-2" uz="-7.90625" index="104" material="0" look="0" up="4" color="ff1e1e1e"/>
		</item>
		<item parent="507" index="508">
			<block lx="-11.15625" ly="-2.5" lz="-9.90625" ux="-10.15625" uy="-2" uz="-7.90625" index="104" material="0" look="1" up="4" color="ff1e1e1e"/>
		</item>
		<item parent="374" index="507">
			<block lx="-10.15625" ly="-2.5" lz="-10.90625" ux="-8.15625" uy="-2" uz="-9.90625" index="104" material="0" look="1" up="4" color="ff1e1e1e"/>
		</item>
		<item parent="505" index="506">
			<block lx="7.65625" ly="-2.5" lz="-7.90625" ux="8.15625" uy="-2" uz="-7.40625" index="104" material="0" look="4" up="0" color="ff1e1e1e"/>
		</item>
		<item parent="503" index="505">
			<block lx="8.15625" ly="-2.5" lz="-7.90625" ux="11.15625" uy="-2" uz="-7.40625" index="104" material="0" look="4" up="1" color="ff1e1e1e"/>
		</item>
		<item parent="502" index="504">
			<block lx="7.65625" ly="-2.5" lz="-10.90625" ux="8.15625" uy="-2" uz="-7.90625" index="104" material="0" look="5" up="0" color="ff1e1e1e"/>
		</item>
		<item parent="502" index="503">
			<block lx="10.15625" ly="-2.5" lz="-9.90625" ux="11.15625" uy="-2" uz="-7.90625" index="104" material="0" look="5" up="1" color="ff1e1e1e"/>
		</item>
		<item parent="478" index="502">
			<block lx="8.15625" ly="-2.5" lz="-10.90625" ux="10.15625" uy="-2" uz="-9.90625" index="104" material="0" look="5" up="1" color="ff1e1e1e"/>
		</item>
		<item parent="434" index="436">
			<block lx="-1.50000191" ly="-6.5" lz="1.5" ux="0.499999046" uy="-2.5" uz="5.5" index="50" material="2" look="1" up="3" color="ffa3bfa3"/>
		</item>
		<item parent="425" index="501">
			<block lx="-7.90625" ly="-11" lz="7.40625" ux="-7.40625" uy="-10.5" uz="7.90625" index="104" material="0" look="0" up="4" color="ff1e1e1e"/>
		</item>
		<item parent="426" index="500">
			<block lx="7.40625" ly="-11" lz="7.40625" ux="7.90625" uy="-10.5" uz="7.90625" index="104" material="0" look="1" up="4" color="ff1e1e1e"/>
		</item>
		<item parent="425" index="499">
			<block lx="-7.90625" ly="-11" lz="-7.90625" ux="-7.40625" uy="-10.5" uz="-7.40625" index="104" material="0" look="0" up="5" color="ff1e1e1e"/>
		</item>
		<item parent="448" index="492">
			<block lx="7.40625" ly="-11" lz="7.90625" ux="7.90625" uy="-10.5" uz="10.90625" index="104" material="0" look="1" up="5" color="ff1e1e1e"/>
		</item>
		<item parent="448" index="493">
			<block lx="-7.90625" ly="-11" lz="7.90625" ux="-7.40625" uy="-10.5" uz="10.90625" index="104" material="0" look="0" up="5" color="ff1e1e1e"/>
		</item>
		<item parent="447" index="491">
			<block lx="-7.90625" ly="-11" lz="-10.90625" ux="-7.40625" uy="-10.5" uz="-7.90625" index="104" material="0" look="0" up="4" color="ff1e1e1e"/>
		</item>
		<item parent="490" index="498">
			<block lx="7.40625" ly="-11" lz="-7.90625" ux="7.90625" uy="-10.5" uz="-7.40625" index="104" material="0" look="4" up="0" color="ff1e1e1e"/>
		</item>
		<item parent="450" index="497">
			<block lx="-10.90625" ly="-11" lz="7.40625" ux="-7.90625" uy="-10.5" uz="7.90625" index="104" material="0" look="1" up="4" color="ff1e1e1e"/>
		</item>
		<item parent="449" index="496">
			<block lx="7.90625" ly="-11" lz="7.40625" ux="10.90625" uy="-10.5" uz="7.90625" index="104" material="0" look="0" up="4" color="ff1e1e1e"/>
		</item>
		<item parent="450" index="495">
			<block lx="-10.90625" ly="-11" lz="-7.90625" ux="-7.90625" uy="-10.5" uz="-7.40625" index="104" material="0" look="1" up="5" color="ff1e1e1e"/>
		</item>
		<item parent="452" index="488">
			<block lx="7.90625" ly="-11" lz="9.90625" ux="9.90625" uy="-10.5" uz="10.90625" index="104" material="0" look="0" up="5" color="ff1e1e1e"/>
		</item>
		<item parent="451" index="487">
			<block lx="-9.90625" ly="-11" lz="-10.90625" ux="-7.90625" uy="-10.5" uz="-9.90625" index="104" material="0" look="1" up="4" color="ff1e1e1e"/>
		</item>
		<item parent="474" index="486">
			<block lx="7.90625" ly="-11" lz="-10.90625" ux="9.90625" uy="-10.5" uz="-9.90625" index="104" material="0" look="0" up="4" color="ff1e1e1e"/>
		</item>
		<item parent="453" index="485">
			<block lx="-10.90625" ly="-11" lz="7.90625" ux="-9.90625" uy="-10.5" uz="9.90625" index="104" material="0" look="1" up="5" color="ff1e1e1e"/>
		</item>
		<item parent="451" index="483">
			<block lx="-10.90625" ly="-11" lz="-9.90625" ux="-9.90625" uy="-10.5" uz="-7.90625" index="104" material="0" look="1" up="4" color="ff1e1e1e"/>
		</item>
		<item parent="452" index="484">
			<block lx="9.90625" ly="-11" lz="7.90625" ux="10.90625" uy="-10.5" uz="9.90625" index="104" material="0" look="0" up="5" color="ff1e1e1e"/>
		</item>
		<item parent="453" index="489">
			<block lx="-9.90625" ly="-11" lz="9.90625" ux="-7.90625" uy="-10.5" uz="10.90625" index="104" material="0" look="1" up="5" color="ff1e1e1e"/>
		</item>
		<item parent="474" index="490">
			<block lx="7.40625" ly="-11" lz="-10.90625" ux="7.90625" uy="-10.5" uz="-7.90625" index="104" material="0" look="5" up="0" color="ff1e1e1e"/>
		</item>
		<item parent="474" index="494">
			<block lx="7.90625" ly="-11" lz="-7.90625" ux="10.90625" uy="-10.5" uz="-7.40625" index="104" material="0" look="0" up="5" color="ff1e1e1e"/>
		</item>
		<item parent="474" index="482">
			<block lx="9.90625" ly="-11" lz="-9.90625" ux="10.90625" uy="-10.5" uz="-7.90625" index="104" material="0" look="5" up="1" color="ff1e1e1e"/>
		</item>
		<item parent="446" index="452">
			<block lx="7.8125" ly="-15" lz="7.8125" ux="12.5" uy="-11" uz="12.5" index="105" material="0" look="0" up="2" color="ff1e1e1e"/>
		</item>
		<item parent="446" index="453">
			<block lx="-12.5" ly="-15" lz="7.8125" ux="-7.8125" uy="-11" uz="12.5" index="105" material="0" look="1" up="5" color="ff1e1e1e"/>
		</item>
		<item parent="371" index="481">
			<block lx="-10.15625" ly="-2.5" lz="7.90625" ux="-8.15625" uy="-2" uz="9.90625" index="20" material="0" look="1" up="3" color="ff1e1e1e"/>
		</item>
		<item parent="372" index="480">
			<block lx="8.15625" ly="-2.5" lz="7.90625" ux="10.15625" uy="-2" uz="9.90625" index="20" material="0" look="1" up="3" color="ff1e1e1e"/>
		</item>
		<item parent="374" index="479">
			<block lx="-10.15625" ly="-2.5" lz="-9.90625" ux="-8.15625" uy="-2" uz="-7.90625" index="20" material="0" look="1" up="3" color="ff1e1e1e"/>
		</item>
		<item parent="370" index="478">
			<block lx="8.15625" ly="-2.5" lz="-9.90625" ux="10.15625" uy="-2" uz="-7.90625" index="20" material="0" look="1" up="3" color="ff1e1e1e"/>
		</item>
		<item parent="453" index="477">
			<block lx="-9.90625" ly="-11" lz="7.90625" ux="-7.90625" uy="-10.5" uz="9.90625" index="20" material="0" look="1" up="3" color="ff1e1e1e"/>
		</item>
		<item parent="452" index="476">
			<block lx="7.90625" ly="-11" lz="7.90625" ux="9.90625" uy="-10.5" uz="9.90625" index="20" material="0" look="1" up="3" color="ff1e1e1e"/>
		</item>
		<item parent="451" index="475">
			<block lx="-9.90625" ly="-11" lz="-9.90625" ux="-7.90625" uy="-10.5" uz="-7.90625" index="20" material="0" look="1" up="3" color="ff1e1e1e"/>
		</item>
		<item parent="455" index="474">
			<block lx="7.90625" ly="-11" lz="-9.90625" ux="9.90625" uy="-10.5" uz="-7.90625" index="20" material="0" look="1" up="3" color="ff1e1e1e"/>
		</item>
		<item parent="365" index="473">
			<block lx="-6.50000191" ly="-3" lz="-8.5" ux="6.49999809" uy="-2" uz="-7.5" index="8" material="0" look="1" up="3" color="ff1e1e1e"/>
		</item>
		<item parent="462" index="472">
			<block lx="-6.50000191" ly="-3" lz="7.5" ux="6.49999809" uy="-2" uz="8.5" index="8" material="0" look="1" up="3" color="ff1e1e1e"/>
		</item>
		<item parent="425" index="471">
			<block lx="-6.5" ly="-11" lz="-8.5" ux="6.5" uy="-10" uz="-7.5" index="8" material="0" look="1" up="3" color="ff1e1e1e"/>
		</item>
		<item parent="462" index="470">
			<block lx="-6.5" ly="-11" lz="7.5" ux="6.5" uy="-10" uz="8.5" index="8" material="0" look="1" up="3" color="ff1e1e1e"/>
		</item>
		<item parent="365" index="465">
			<block lx="-7.5" ly="-11" lz="-8.5" ux="-6.5" uy="-2" uz="-7.5" index="104" material="0" look="1" up="4" color="ff1e1e1e"/>
		</item>
		<item parent="365" index="464">
			<block lx="6.5" ly="-11" lz="-8.5" ux="7.5" uy="-2" uz="-7.5" index="104" material="0" look="0" up="4" color="ff1e1e1e"/>
		</item>
		<item parent="365" index="463">
			<block lx="-7.5" ly="-11" lz="7.5" ux="-6.5" uy="-2" uz="8.5" index="104" material="0" look="1" up="5" color="ff1e1e1e"/>
		</item>
		<item parent="426" index="462">
			<block lx="6.5" ly="-11" lz="7.5" ux="7.5" uy="-2" uz="8.5" index="104" material="0" look="0" up="5" color="ff1e1e1e"/>
		</item>
		<item parent="365" index="461">
			<block lx="-8.5" ly="-11" lz="-7.5" ux="-7.5" uy="-2" uz="-6.5" index="104" material="0" look="1" up="4" color="ff1e1e1e"/>
		</item>
		<item parent="365" index="460">
			<block lx="7.5" ly="-11" lz="-7.5" ux="8.5" uy="-2" uz="-6.5" index="104" material="0" look="0" up="4" color="ff1e1e1e"/>
		</item>
		<item parent="365" index="459">
			<block lx="-8.5" ly="-11" lz="6.5" ux="-7.5" uy="-2" uz="7.5" index="104" material="0" look="1" up="5" color="ff1e1e1e"/>
		</item>
		<item parent="426" index="458">
			<block lx="7.5" ly="-11" lz="6.5" ux="8.5" uy="-2" uz="7.5" index="104" material="0" look="0" up="5" color="ff1e1e1e"/>
		</item>
		<item parent="447" index="455">
			<block lx="7.8125" ly="-15" lz="-12.5" ux="12.5" uy="-11" uz="-7.8125" index="105" material="0" look="0" up="4" color="ff1e1e1e"/>
		</item>
		<item parent="446" index="451">
			<block lx="-12.5" ly="-15" lz="-12.5" ux="-7.8125" uy="-11" uz="-7.8125" index="105" material="0" look="1" up="2" color="ff1e1e1e"/>
		</item>
		<item parent="446" index="450">
			<block lx="-12.5" ly="-15" lz="-7.8125" ux="-7.8125" uy="-11" uz="7.8125" index="104" material="0" look="1" up="2" color="ff1e1e1e"/>
		</item>
		<item parent="458" index="466">
			<block lx="7.5" ly="-3" lz="-6.5" ux="8.5" uy="-2" uz="6.5" index="8" material="0" look="1" up="3" color="ff1e1e1e"/>
		</item>
		<item parent="446" index="449">
			<block lx="7.8125" ly="-15" lz="-7.8125" ux="12.5" uy="-11" uz="7.8125" index="104" material="0" look="0" up="2" color="ff1e1e1e"/>
		</item>
		<item parent="446" index="448">
			<block lx="-7.8125" ly="-15" lz="7.8125" ux="7.8125" uy="-11" uz="12.5" index="104" material="0" look="3" up="5" color="ff1e1e1e"/>
		</item>
		<item parent="446" index="447">
			<block lx="-7.8125" ly="-15" lz="-12.5" ux="7.8125" uy="-11" uz="-7.8125" index="104" material="0" look="3" up="4" color="ff1e1e1e"/>
		</item>
		<item parent="-1" index="446">
			<block lx="-7.8125" ly="-15" lz="-7.8125" ux="7.8125" uy="-11" uz="7.8125" index="8" material="0" look="1" up="3" color="ff1e1e1e"/>
		</item>
		<item parent="446" index="454">
			<block lx="-7.5" ly="-11" lz="-7.5" ux="7.5" uy="-10.5" uz="7.5" index="8" material="0" look="1" up="3" color="ff1e1e1e"/>
		</item>
		<item parent="425" index="469">
			<block lx="-8.5" ly="-11" lz="-6.5" ux="-7.5" uy="-10" uz="6.5" index="8" material="0" look="1" up="3" color="ff1e1e1e"/>
		</item>
		<item parent="458" index="468">
			<block lx="7.5" ly="-11" lz="-6.5" ux="8.5" uy="-10" uz="6.5" index="8" material="0" look="1" up="3" color="ff1e1e1e"/>
		</item>
		<item parent="365" index="467">
			<block lx="-8.5" ly="-3" lz="-6.5" ux="-7.5" uy="-2" uz="6.5" index="8" material="0" look="1" up="3" color="ff1e1e1e"/>
		</item>
		<item parent="454" index="440">
			<block lx="-5.5" ly="-10.5" lz="-5.5" ux="5.5" uy="-6.5" uz="5.5" index="5" material="0" look="1" up="3" color="ffbfaea3"/>
		</item>
		<item parent="440" index="439">
			<block lx="-5.5" ly="-6.5" lz="-1.5" ux="5.5" uy="-2.5" uz="1.5" index="5" material="0" look="1" up="3" color="ffbfaea3"/>
		</item>
		<item parent="435" index="438">
			<block lx="-5.5" ly="-6.5" lz="-5.5" ux="-1.5" uy="-2.5" uz="-1.5" index="6" material="0" look="1" up="3" color="ffbfaea3"/>
		</item>
		<item parent="436" index="437">
			<block lx="-5.50000191" ly="-6.5" lz="1.5" ux="-1.50000191" uy="-2.5" uz="5.5" index="6" material="0" look="1" up="3" color="ffbfaea3"/>
		</item>
		<item parent="426" index="430">
			<block lx="1.5" ly="-6.5" lz="1.5" ux="5.5" uy="-2.5" uz="5.5" index="6" material="0" look="1" up="3" color="ffbfaea3"/>
		</item>
		<item parent="426" index="429">
			<block lx="1.5" ly="-6.5" lz="-5.5" ux="5.5" uy="-2.5" uz="-1.5" index="6" material="0" look="1" up="3" color="ffbfaea3"/>
		</item>
		<item parent="426" index="428">
			<block lx="-5.5" ly="-10.5" lz="5.5" ux="5.5" uy="-2.5" uz="7.5" index="560" material="0" look="1" up="3" color="ffbfaea3"/>
		</item>
		<item parent="426" index="427">
			<block lx="-5.5" ly="-10.5" lz="-7.5" ux="5.5" uy="-2.5" uz="-5.5" index="560" material="0" look="1" up="3" color="ffbfaea3"/>
		</item>
		<item parent="439" index="426">
			<block lx="5.5" ly="-10.5" lz="-7.5" ux="7.5" uy="-2.5" uz="7.5" index="560" material="0" look="1" up="3" color="ffbfaea3"/>
		</item>
		<item parent="424" index="425">
			<block lx="-7.5" ly="-10.5" lz="-7.5" ux="-5.5" uy="-2.5" uz="7.5" index="560" material="0" look="1" up="3" color="ffbfaea3"/>
		</item>
		<item parent="426" index="424">
			<block lx="-7.5" ly="-2.5" lz="-7.5" ux="7.5" uy="-2" uz="7.5" index="8" material="0" look="1" up="3" color="ff1e1e1e"/>
		</item>
		<item parent="424" index="365">
			<block lx="-7.8125" ly="-2" lz="-7.8125" ux="7.8125" uy="2" uz="7.8125" index="8" material="0" look="1" up="3" color="ff1e1e1e"/>
		</item>
		<item parent="366" index="374">
			<block lx="-12.5" ly="-2" lz="-12.5" ux="-7.8125" uy="2" uz="-7.8125" index="105" material="0" look="1" up="4" color="ff1e1e1e"/>
		</item>
		<item parent="365" index="372">
			<block lx="7.8125" ly="-2" lz="7.8125" ux="12.5" uy="2" uz="12.5" index="105" material="0" look="0" up="5" color="ff1e1e1e"/>
		</item>
		<item parent="365" index="371">
			<block lx="-12.5" ly="-2" lz="7.8125" ux="-7.8125" uy="2" uz="12.5" index="105" material="0" look="1" up="3" color="ff1e1e1e"/>
		</item>
		<item parent="365" index="370">
			<block lx="7.8125" ly="-2" lz="-12.5" ux="12.5" uy="2" uz="-7.8125" index="105" material="0" look="0" up="3" color="ff1e1e1e"/>
		</item>
		<item parent="365" index="369">
			<block lx="7.8125" ly="-2" lz="-7.8125" ux="12.5" uy="2" uz="7.8125" index="104" material="0" look="0" up="3" color="ff1e1e1e"/>
		</item>
		<item parent="365" index="368">
			<block lx="-12.5" ly="-2" lz="-7.8125" ux="-7.8125" uy="2" uz="7.8125" index="104" material="0" look="1" up="3" color="ff1e1e1e"/>
		</item>
		<item parent="365" index="367">
			<block lx="-7.8125" ly="-2" lz="7.8125" ux="7.8125" uy="2" uz="12.5" index="104" material="0" look="2" up="5" color="ff1e1e1e"/>
		</item>
		<item parent="365" index="366">
			<block lx="-7.8125" ly="-2" lz="-12.5" ux="7.8125" uy="2" uz="-7.8125" index="104" material="0" look="2" up="4" color="ff1e1e1e"/>
		</item>
		<item parent="376" index="384">
			<block lx="-10" ly="3" lz="-10" ux="-6.25" uy="5" uz="-6.25" index="105" material="0" look="1" up="4" color="ff1e1e1e"/>
		</item>
		<item parent="365" index="373">
			<block lx="-6.25" ly="2" lz="-6.25" ux="6.25" uy="3" uz="6.25" index="560" material="0" look="1" up="3" color="ffbfaea3"/>
		</item>
		<item parent="375" index="382">
			<block lx="6.25" ly="3" lz="6.25" ux="10" uy="5" uz="10" index="105" material="0" look="0" up="5" color="ff1e1e1e"/>
		</item>
		<item parent="375" index="381">
			<block lx="-10" ly="3" lz="6.25" ux="-6.25" uy="5" uz="10" index="105" material="0" look="1" up="3" color="ff1e1e1e"/>
		</item>
		<item parent="375" index="380">
			<block lx="6.25" ly="3" lz="-10" ux="10" uy="5" uz="-6.25" index="105" material="0" look="0" up="3" color="ff1e1e1e"/>
		</item>
		<item parent="375" index="379">
			<block lx="6.25" ly="3" lz="-6.25" ux="10" uy="5" uz="6.25" index="104" material="0" look="0" up="3" color="ff1e1e1e"/>
		</item>
		<item parent="375" index="378">
			<block lx="-10" ly="3" lz="-6.25" ux="-6.25" uy="5" uz="6.25" index="104" material="0" look="1" up="3" color="ff1e1e1e"/>
		</item>
		<item parent="375" index="377">
			<block lx="-6.25" ly="3" lz="6.25" ux="6.25" uy="5" uz="10" index="104" material="0" look="2" up="5" color="ff1e1e1e"/>
		</item>
		<item parent="375" index="376">
			<block lx="-6.25" ly="3" lz="-10" ux="6.25" uy="5" uz="-6.25" index="104" material="0" look="2" up="4" color="ff1e1e1e"/>
		</item>
		<item parent="373" index="375">
			<block lx="-6.25" ly="3" lz="-6.25" ux="6.25" uy="5" uz="6.25" index="8" material="0" look="1" up="3" color="ff1e1e1e"/>
		</item>
		<item parent="386" index="394">
			<block lx="-8" ly="6" lz="-8" ux="-5" uy="8" uz="-5" index="105" material="0" look="1" up="4" color="ff1e1e1e"/>
		</item>
		<item parent="383" index="385">
			<block lx="-5" ly="6" lz="-5" ux="5" uy="8" uz="5" index="8" material="0" look="1" up="3" color="ff1e1e1e"/>
		</item>
		<item parent="375" index="383">
			<block lx="-5" ly="5" lz="-5" ux="5" uy="6" uz="5" index="560" material="0" look="1" up="3" color="ffbfaea3"/>
		</item>
		<item parent="385" index="392">
			<block lx="5" ly="6" lz="5" ux="8" uy="8" uz="8" index="105" material="0" look="0" up="5" color="ff1e1e1e"/>
		</item>
		<item parent="385" index="391">
			<block lx="-8" ly="6" lz="5" ux="-5" uy="8" uz="8" index="105" material="0" look="1" up="3" color="ff1e1e1e"/>
		</item>
		<item parent="385" index="390">
			<block lx="5" ly="6" lz="-8" ux="8" uy="8" uz="-5" index="105" material="0" look="0" up="3" color="ff1e1e1e"/>
		</item>
		<item parent="385" index="389">
			<block lx="5" ly="6" lz="-5" ux="8" uy="8" uz="5" index="104" material="0" look="0" up="3" color="ff1e1e1e"/>
		</item>
		<item parent="385" index="388">
			<block lx="-8" ly="6" lz="-5" ux="-5" uy="8" uz="5" index="104" material="0" look="1" up="3" color="ff1e1e1e"/>
		</item>
		<item parent="385" index="387">
			<block lx="-5" ly="6" lz="5" ux="5" uy="8" uz="8" index="104" material="0" look="2" up="5" color="ff1e1e1e"/>
		</item>
		<item parent="385" index="386">
			<block lx="-5" ly="6" lz="-8" ux="5" uy="8" uz="-5" index="104" material="0" look="2" up="4" color="ff1e1e1e"/>
		</item>
		<item parent="396" index="404">
			<block lx="-6" ly="9" lz="-6" ux="-3.75" uy="11" uz="-3.75" index="105" material="0" look="1" up="4" color="ff1e1e1e"/>
		</item>
		<item parent="385" index="393">
			<block lx="-3.75" ly="8" lz="-3.75" ux="3.75" uy="9" uz="3.75" index="560" material="0" look="1" up="3" color="ffbfaea3"/>
		</item>
		<item parent="395" index="402">
			<block lx="3.75" ly="9" lz="3.75" ux="6" uy="11" uz="6" index="105" material="0" look="0" up="5" color="ff1e1e1e"/>
		</item>
		<item parent="395" index="401">
			<block lx="-6" ly="9" lz="3.75" ux="-3.75" uy="11" uz="6" index="105" material="0" look="1" up="3" color="ff1e1e1e"/>
		</item>
		<item parent="395" index="400">
			<block lx="3.75" ly="9" lz="-6" ux="6" uy="11" uz="-3.75" index="105" material="0" look="0" up="3" color="ff1e1e1e"/>
		</item>
		<item parent="395" index="399">
			<block lx="3.75" ly="9" lz="-3.75" ux="6" uy="11" uz="3.75" index="104" material="0" look="0" up="3" color="ff1e1e1e"/>
		</item>
		<item parent="395" index="398">
			<block lx="-6" ly="9" lz="-3.75" ux="-3.75" uy="11" uz="3.75" index="104" material="0" look="1" up="3" color="ff1e1e1e"/>
		</item>
		<item parent="395" index="397">
			<block lx="-3.75" ly="9" lz="3.75" ux="3.75" uy="11" uz="6" index="104" material="0" look="2" up="5" color="ff1e1e1e"/>
		</item>
		<item parent="395" index="396">
			<block lx="-3.75" ly="9" lz="-6" ux="3.75" uy="11" uz="-3.75" index="104" material="0" look="2" up="4" color="ff1e1e1e"/>
		</item>
		<item parent="393" index="395">
			<block lx="-3.75" ly="9" lz="-3.75" ux="3.75" uy="11" uz="3.75" index="8" material="0" look="1" up="3" color="ff1e1e1e"/>
		</item>
		<item parent="406" index="414">
			<block lx="-4.5" ly="12" lz="-4.5" ux="-2.8125" uy="14" uz="-2.8125" index="105" material="0" look="1" up="4" color="ff1e1e1e"/>
		</item>
		<item parent="403" index="405">
			<block lx="-2.8125" ly="12" lz="-2.8125" ux="2.8125" uy="14" uz="2.8125" index="8" material="0" look="1" up="3" color="ff1e1e1e"/>
		</item>
		<item parent="395" index="403">
			<block lx="-2.8125" ly="11" lz="-2.8125" ux="2.8125" uy="12" uz="2.8125" index="560" material="0" look="1" up="3" color="ffbfaea3"/>
		</item>
		<item parent="405" index="412">
			<block lx="2.8125" ly="12" lz="2.8125" ux="4.5" uy="14" uz="4.5" index="105" material="0" look="0" up="5" color="ff1e1e1e"/>
		</item>
		<item parent="405" index="411">
			<block lx="-4.5" ly="12" lz="2.8125" ux="-2.8125" uy="14" uz="4.5" index="105" material="0" look="1" up="3" color="ff1e1e1e"/>
		</item>
		<item parent="405" index="410">
			<block lx="2.8125" ly="12" lz="-4.5" ux="4.5" uy="14" uz="-2.8125" index="105" material="0" look="0" up="3" color="ff1e1e1e"/>
		</item>
		<item parent="405" index="409">
			<block lx="2.8125" ly="12" lz="-2.8125" ux="4.5" uy="14" uz="2.8125" index="104" material="0" look="0" up="3" color="ff1e1e1e"/>
		</item>
		<item parent="405" index="408">
			<block lx="-4.5" ly="12" lz="-2.8125" ux="-2.8125" uy="14" uz="2.8125" index="104" material="0" look="1" up="3" color="ff1e1e1e"/>
		</item>
		<item parent="405" index="407">
			<block lx="-2.8125" ly="12" lz="2.8125" ux="2.8125" uy="14" uz="4.5" index="104" material="0" look="2" up="5" color="ff1e1e1e"/>
		</item>
		<item parent="405" index="406">
			<block lx="-2.8125" ly="12" lz="-4.5" ux="2.8125" uy="14" uz="-2.8125" index="104" material="0" look="2" up="4" color="ff1e1e1e"/>
		</item>
		<item parent="416" index="423">
			<block lx="-3.5" ly="15" lz="-3.5" ux="-2.1875" uy="17" uz="-2.1875" index="105" material="0" look="1" up="4" color="ff1e1e1e"/>
		</item>
		<item parent="405" index="413">
			<block lx="-2.1875" ly="14" lz="-2.1875" ux="2.1875" uy="15" uz="2.1875" index="560" material="0" look="1" up="3" color="ffbfaea3"/>
		</item>
		<item parent="415" index="422">
			<block lx="2.1875" ly="15" lz="2.1875" ux="3.5" uy="17" uz="3.5" index="105" material="0" look="0" up="5" color="ff1e1e1e"/>
		</item>
		<item parent="415" index="421">
			<block lx="-3.5" ly="15" lz="2.1875" ux="-2.1875" uy="17" uz="3.5" index="105" material="0" look="1" up="3" color="ff1e1e1e"/>
		</item>
		<item parent="415" index="420">
			<block lx="2.1875" ly="15" lz="-3.5" ux="3.5" uy="17" uz="-2.1875" index="105" material="0" look="0" up="3" color="ff1e1e1e"/>
		</item>
		<item parent="415" index="419">
			<block lx="2.1875" ly="15" lz="-2.1875" ux="3.5" uy="17" uz="2.1875" index="104" material="0" look="0" up="3" color="ff1e1e1e"/>
		</item>
		<item parent="415" index="418">
			<block lx="-3.5" ly="15" lz="-2.1875" ux="-2.1875" uy="17" uz="2.1875" index="104" material="0" look="1" up="3" color="ff1e1e1e"/>
		</item>
		<item parent="415" index="417">
			<block lx="-2.1875" ly="15" lz="2.1875" ux="2.1875" uy="17" uz="3.5" index="104" material="0" look="2" up="5" color="ff1e1e1e"/>
		</item>
		<item parent="415" index="416">
			<block lx="-2.1875" ly="15" lz="-3.5" ux="2.1875" uy="17" uz="-2.1875" index="104" material="0" look="2" up="4" color="ff1e1e1e"/>
		</item>
		<item parent="413" index="415">
			<block lx="-2.1875" ly="15" lz="-2.1875" ux="2.1875" uy="17" uz="2.1875" index="8" material="0" look="1" up="3" color="ff1e1e1e"/>
		</item>
		<item parent="433" index="435">
			<block lx="-1.5" ly="-6.5" lz="-5.5" ux="0.5" uy="-2.5" uz="-1.5" index="50" material="2" look="1" up="3" color="ffa3bfa3"/>
		</item>
		<item parent="429" index="433">
			<block lx="0.5" ly="-6.5" lz="-5.5" ux="1.5" uy="-2.5" uz="-1.5" index="52" material="2" look="1" up="3" color="ffbfaea3"/>
		</item>
		<item parent="430" index="434">
			<block lx="0.5" ly="-6.5" lz="1.5" ux="1.5" uy="-2.5" uz="5.5" index="52" material="2" look="1" up="3" color="ffbfaea3"/>
		</item>
		<item parent="446" index="0">
			<block lx="-1" ly="-17" lz="-1" ux="1" uy="-15" uz="1" index="11" material="0" look="2" up="0" color="ff1e1e1e"/>
		</item>
		<item parent="0" index="522">
			<block lx="-5" ly="-17" lz="-1" ux="-1" uy="-15" uz="1" index="104" material="0" look="1" up="2" color="ff1e1e1e"/>
		</item>
		<item parent="0" index="523">
			<block lx="1" ly="-17" lz="-1" ux="5" uy="-15" uz="1" index="104" material="0" look="0" up="2" color="ff1e1e1e"/>
		</item>
		<item parent="0" index="524">
			<block lx="-1.00000012" ly="-17" lz="1" ux="1.00000012" uy="-15" uz="5" index="104" material="0" look="4" up="2" color="ff1e1e1e"/>
		</item>
		<item parent="0" index="525">
			<block lx="-1.00000012" ly="-17" lz="-5" ux="1.00000012" uy="-15" uz="-1" index="104" material="0" look="3" up="4" color="ff1e1e1e"/>
		</item>
		<item parent="524" index="526">
			<block lx="1" ly="-17" lz="1" ux="5" uy="-15" uz="5" index="105" material="0" look="0" up="2" color="ff1e1e1e"/>
		</item>
		<item parent="0" index="527">
			<block lx="1" ly="-17" lz="-5" ux="5" uy="-15" uz="-1" index="105" material="0" look="0" up="4" color="ff1e1e1e"/>
		</item>
		<item parent="524" index="528">
			<block lx="-5" ly="-17" lz="1" ux="-1" uy="-15" uz="5" index="105" material="0" look="4" up="2" color="ff1e1e1e"/>
		</item>
		<item parent="0" index="529">
			<block lx="-5" ly="-17" lz="-5" ux="-1" uy="-15" uz="-1" index="105" material="0" look="1" up="2" color="ff1e1e1e"/>
		</item>
		<item parent="446" index="548">
			<block lx="-1.25" ly="-15.0099983" lz="6.25" ux="-0.75" uy="-15" uz="6.75" index="150" material="0" look="1" up="3" color="ffbfaea3"/>
		</item>
		<item parent="446" index="549">
			<block lx="-1.25" ly="-15.0099983" lz="-6.75" ux="-0.75" uy="-15" uz="-6.25" index="150" material="0" look="1" up="3" color="ffbfaea3"/>
		</item>
		<item parent="446" index="554">
			<block lx="-0.25" ly="-15.0099983" lz="5.25" ux="0.25" uy="-15" uz="5.75" index="150" material="0" look="1" up="3" color="ffbfaea3"/>
		</item>
		<item parent="446" index="555">
			<block lx="-0.25" ly="-15.0099983" lz="-5.75" ux="0.25" uy="-15" uz="-5.25" index="150" material="0" look="1" up="3" color="ffbfaea3"/>
		</item>
		<item parent="446" index="546">
			<block lx="-0.75" ly="-15.0099983" lz="5.75" ux="-0.25" uy="-15" uz="6.25" index="150" material="0" look="1" up="3" color="ffbfaea3"/>
		</item>
		<item parent="446" index="547">
			<block lx="-0.75" ly="-15.0099983" lz="-6.25" ux="-0.25" uy="-15" uz="-5.75" index="150" material="0" look="1" up="3" color="ffbfaea3"/>
		</item>
		<item parent="446" index="556">
			<block lx="0.25" ly="-15.0099983" lz="5.75" ux="0.75" uy="-15" uz="6.25" index="150" material="0" look="1" up="3" color="ffbfaea3"/>
		</item>
		<item parent="446" index="557">
			<block lx="0.25" ly="-15.0099983" lz="-6.25" ux="0.75" uy="-15" uz="-5.75" index="150" material="0" look="1" up="3" color="ffbfaea3"/>
		</item>
		<item parent="446" index="558">
			<block lx="0.75" ly="-15.0099983" lz="6.25" ux="1.25" uy="-15" uz="6.75" index="150" material="0" look="1" up="3" color="ffbfaea3"/>
		</item>
		<item parent="446" index="559">
			<block lx="0.75" ly="-15.0099983" lz="-6.75" ux="1.25" uy="-15" uz="-6.25" index="150" material="0" look="1" up="3" color="ffbfaea3"/>
		</item>
		<item parent="446" index="560">
			<block lx="5.25" ly="-15.0099983" lz="-0.25" ux="5.75" uy="-15" uz="0.25" index="150" material="0" look="1" up="3" color="ffbfaea3"/>
		</item>
		<item parent="446" index="561">
			<block lx="5.75" ly="-15.0099983" lz="0.25" ux="6.25" uy="-15" uz="0.75" index="150" material="0" look="1" up="3" color="ffbfaea3"/>
		</item>
		<item parent="446" index="562">
			<block lx="5.75" ly="-15.0099983" lz="-0.75" ux="6.25" uy="-15" uz="-0.25" index="150" material="0" look="1" up="3" color="ffbfaea3"/>
		</item>
		<item parent="446" index="563">
			<block lx="6.25" ly="-15.0099983" lz="0.75" ux="6.75" uy="-15" uz="1.25" index="150" material="0" look="1" up="3" color="ffbfaea3"/>
		</item>
		<item parent="446" index="564">
			<block lx="6.25" ly="-15.0099983" lz="-1.25" ux="6.75" uy="-15" uz="-0.75" index="150" material="0" look="1" up="3" color="ffbfaea3"/>
		</item>
		<item parent="446" index="565">
			<block lx="-5.75" ly="-15.0099983" lz="-0.25" ux="-5.25" uy="-15" uz="0.25" index="150" material="0" look="1" up="3" color="ffbfaea3"/>
		</item>
		<item parent="446" index="566">
			<block lx="-6.25" ly="-15.0099983" lz="-0.75" ux="-5.75" uy="-15" uz="-0.25" index="150" material="0" look="1" up="3" color="ffbfaea3"/>
		</item>
		<item parent="446" index="567">
			<block lx="-6.25" ly="-15.0099983" lz="0.25" ux="-5.75" uy="-15" uz="0.75" index="150" material="0" look="1" up="3" color="ffbfaea3"/>
		</item>
		<item parent="446" index="568">
			<block lx="-6.75" ly="-15.0099983" lz="-1.25" ux="-6.25" uy="-15" uz="-0.75" index="150" material="0" look="1" up="3" color="ffbfaea3"/>
		</item>
		<item parent="446" index="569">
			<block lx="-6.75" ly="-15.0099983" lz="0.75" ux="-6.25" uy="-15" uz="1.25" index="150" material="0" look="1" up="3" color="ffbfaea3"/>
		</item>
	</plan>
</ship_design>
