<?xml version="1.0" encoding="utf-8"?>
<ship_design>
	<plan accumulateHealth="true" convex="false">
		<item parent="2697" index="2698">
			<block lx="-3.04999495" ly="13.375" lz="-22.1875114" ux="0.150002003" uy="13.874999" uz="-21.5875053" index="2" material="1" look="1" up="3" color="bfbfbfbf"/>
		</item>
		<item parent="2687" index="2685">
			<block lx="10.9499874" ly="13.375" lz="1.4125061" ux="12.7499905" uy="13.874999" uz="3.81250763" index="100" material="1" look="0" up="5" color="bfbfbfbf"/>
		</item>
		<item parent="2693" index="4619">
			<block lx="-13.8499832" ly="13.374999" lz="-16.1874962" ux="10.9500179" uy="13.874999" uz="-13.7874947" index="2" material="1" look="1" up="3" color="bfbfbfbf"/>
		</item>
		<item parent="2704" index="2705">
			<block lx="-16.8500061" ly="13.374999" lz="-13.7874947" ux="-15.6499939" uy="13.874999" uz="-10.7874947" index="100" material="1" look="1" up="4" color="bfbfbfbf"/>
		</item>
		<item parent="2683" index="2681">
			<block lx="6.14999962" ly="13.375" lz="6.21250534" ux="8.54999352" uy="13.874999" uz="8.01250839" index="100" material="1" look="4" up="1" color="bfbfbfbf"/>
		</item>
		<item parent="2678" index="2680">
			<block lx="-9.04999733" ly="13.375" lz="8.01250839" ux="-6.04999733" uy="13.874999" uz="9.2125206" index="100" material="1" look="1" up="5" color="bfbfbfbf"/>
		</item>
		<item parent="4624" index="2701">
			<block lx="-6.04999542" ly="13.375" lz="-22.1875114" ux="-3.04999495" uy="13.874999" uz="-21.5875053" index="100" material="1" look="1" up="4" color="bfbfbfbf"/>
		</item>
		<item parent="2694" index="4617">
			<block lx="-11.4499912" ly="13.374999" lz="-18.5874977" ux="8.55000877" uy="13.874999" uz="-16.1874962" index="2" material="1" look="1" up="3" color="bfbfbfbf"/>
		</item>
		<item parent="2691" index="2707">
			<block lx="-17.4500046" ly="13.374999" lz="-7.78749466" ux="14.5500031" uy="13.874999" uz="-4.5874939" index="2" material="1" look="1" up="3" color="bfbfbfbf"/>
		</item>
		<item parent="2702" index="2703">
			<block lx="-13.8499908" ly="13.375" lz="-18.5874977" ux="-11.4499969" uy="13.874999" uz="-16.1874962" index="100" material="1" look="1" up="4" color="bfbfbfbf"/>
		</item>
		<item parent="2681" index="2679">
			<block lx="3.14999962" ly="13.375" lz="8.01250839" ux="6.14999962" uy="13.874999" uz="9.2125206" index="100" material="1" look="4" up="1" color="bfbfbfbf"/>
		</item>
		<item parent="2676" index="2678">
			<block lx="-6.04999733" ly="13.375" lz="9.2125206" ux="-3.04999781" uy="13.874999" uz="9.8125267" index="100" material="1" look="1" up="5" color="bfbfbfbf"/>
		</item>
		<item parent="2682" index="2684">
			<block lx="-13.8499851" ly="13.375" lz="3.81250381" ux="-11.4499912" uy="13.874999" uz="6.21250534" index="100" material="1" look="1" up="5" color="bfbfbfbf"/>
		</item>
		<item parent="2703" index="2704">
			<block lx="-15.6499939" ly="13.374999" lz="-16.1874962" ux="-13.8499908" uy="13.874999" uz="-13.7874947" index="100" material="1" look="1" up="4" color="bfbfbfbf"/>
		</item>
		<item parent="2692" index="2691">
			<block lx="13.9499969" ly="13.375" lz="-10.7874908" ux="14.5500031" uy="13.874999" uz="-7.78749084" index="100" material="1" look="5" up="1" color="bfbfbfbf"/>
		</item>
		<item parent="4624" index="2697">
			<block lx="0.150002003" ly="13.375" lz="-22.1875114" ux="3.15000153" uy="13.874999" uz="-21.5875053" index="100" material="1" look="0" up="4" color="bfbfbfbf"/>
		</item>
		<item parent="2695" index="4615">
			<block lx="-9.04999542" ly="13.375" lz="-20.3875008" ux="6.15000439" uy="13.874999" uz="-18.5874977" index="2" material="1" look="1" up="3" color="bfbfbfbf"/>
		</item>
		<item parent="2696" index="2695">
			<block lx="6.15000153" ly="13.375" lz="-20.3874969" ux="8.54999542" uy="13.874999" uz="-18.5874939" index="100" material="1" look="5" up="1" color="bfbfbfbf"/>
		</item>
		<item parent="2684" index="2686">
			<block lx="-15.6499882" ly="13.374999" lz="1.41250229" ux="-13.8499851" uy="13.874999" uz="3.81250381" index="100" material="1" look="1" up="5" color="bfbfbfbf"/>
		</item>
		<item parent="2679" index="2677">
			<block lx="0.149999142" ly="13.375" lz="9.2125206" ux="3.14999962" uy="13.874999" uz="9.8125267" index="100" material="1" look="0" up="5" color="bfbfbfbf"/>
		</item>
		<item parent="2700" index="2702">
			<block lx="-11.4499969" ly="13.375" lz="-20.3875008" ux="-9.05000305" uy="13.874999" uz="-18.5874977" index="100" material="1" look="1" up="4" color="bfbfbfbf"/>
		</item>
		<item parent="2677" index="2676">
			<block lx="-3.04999781" ly="13.375" lz="9.2125206" ux="0.149999142" uy="13.874999" uz="9.8125267" index="2" material="1" look="1" up="3" color="bfbfbfbf"/>
		</item>
		<item parent="2707" index="2708">
			<block lx="-17.4500065" ly="13.375" lz="-4.58749771" ux="-16.8500004" uy="13.874999" uz="-1.58749771" index="100" material="1" look="1" up="5" color="bfbfbfbf"/>
		</item>
		<item parent="-1" index="2700">
			<block lx="-9.05298615" ly="13.375" lz="-21.5875092" ux="-6.05298615" uy="13.874999" uz="-20.3874969" index="100" material="1" look="1" up="4" color="bfbfbfbf"/>
		</item>
		<item parent="2680" index="4613">
			<block lx="-6.04999733" ly="13.375" lz="8.01250839" ux="3.15000248" uy="13.874999" uz="9.2125206" index="2" material="1" look="1" up="3" color="bfbfbfbf"/>
		</item>
		<item parent="2682" index="4614">
			<block lx="-9.04999733" ly="13.375" lz="6.21250534" ux="6.15000248" uy="13.874999" uz="8.01250839" index="2" material="1" look="1" up="3" color="bfbfbfbf"/>
		</item>
		<item parent="2684" index="4616">
			<block lx="-11.4499931" ly="13.374999" lz="3.81250381" ux="8.55000687" uy="13.874999" uz="6.21250534" index="2" material="1" look="1" up="3" color="bfbfbfbf"/>
		</item>
		<item parent="2686" index="2688">
			<block lx="-16.8500004" ly="13.375" lz="-1.58749771" ux="-15.6499882" uy="13.874999" uz="1.41250229" index="100" material="1" look="1" up="5" color="bfbfbfbf"/>
		</item>
		<item parent="2685" index="2683">
			<block lx="8.54999352" ly="13.375" lz="3.81250763" ux="10.9499874" uy="13.874999" uz="6.21250916" index="100" material="1" look="0" up="5" color="bfbfbfbf"/>
		</item>
		<item parent="2708" index="4622">
			<block lx="-16.8500004" ly="13.374999" lz="-4.58749771" ux="13.9500008" uy="13.874999" uz="-1.58749771" index="2" material="1" look="1" up="3" color="bfbfbfbf"/>
		</item>
		<item parent="2691" index="4623">
			<block lx="-16.8499985" ly="13.374999" lz="-10.7874947" ux="13.9500027" uy="13.874999" uz="-7.78749466" index="2" material="1" look="1" up="3" color="bfbfbfbf"/>
		</item>
		<item parent="2697" index="2696">
			<block lx="3.15000153" ly="13.375" lz="-21.5875092" ux="6.15000153" uy="13.874999" uz="-20.3874969" index="100" material="1" look="5" up="1" color="bfbfbfbf"/>
		</item>
		<item parent="2693" index="2692">
			<block lx="12.7499924" ly="13.375" lz="-13.7874908" ux="13.9500046" uy="13.874999" uz="-10.7874908" index="100" material="1" look="0" up="4" color="bfbfbfbf"/>
		</item>
		<item parent="2700" index="4624">
			<block lx="-6.05298615" ly="13.375" lz="-21.5875092" ux="3.14701462" uy="13.874999" uz="-20.3874969" index="2" material="1" look="1" up="3" color="bfbfbfbf"/>
		</item>
		<item parent="2680" index="2682">
			<block lx="-11.4499912" ly="13.375" lz="6.21250534" ux="-9.04999733" uy="13.874999" uz="8.01250839" index="100" material="1" look="1" up="5" color="bfbfbfbf"/>
		</item>
		<item parent="2692" index="4621">
			<block lx="-15.6499863" ly="13.374999" lz="-13.7874947" ux="12.7500134" uy="13.874999" uz="-10.7874947" index="2" material="1" look="1" up="3" color="bfbfbfbf"/>
		</item>
		<item parent="2688" index="4620">
			<block lx="-15.6499882" ly="13.374999" lz="-1.58749771" ux="12.7500114" uy="13.874999" uz="1.41250229" index="2" material="1" look="1" up="3" color="bfbfbfbf"/>
		</item>
		<item parent="2689" index="2687">
			<block lx="12.7499905" ly="13.375" lz="-1.5874939" ux="13.9500027" uy="13.874999" uz="1.4125061" index="100" material="1" look="0" up="5" color="bfbfbfbf"/>
		</item>
		<item parent="2686" index="4618">
			<block lx="-13.8499851" ly="13.374999" lz="1.41250229" ux="10.950016" uy="13.874999" uz="3.81250381" index="2" material="1" look="1" up="3" color="bfbfbfbf"/>
		</item>
		<item parent="2695" index="2694">
			<block lx="8.54999542" ly="13.375" lz="-18.5874939" ux="10.9499893" uy="13.874999" uz="-16.1874924" index="100" material="1" look="0" up="4" color="bfbfbfbf"/>
		</item>
		<item parent="2707" index="2689">
			<block lx="13.949995" ly="13.375" lz="-4.5874939" ux="14.5500031" uy="13.874999" uz="-1.5874939" index="100" material="1" look="4" up="1" color="bfbfbfbf"/>
		</item>
		<item parent="2694" index="2693">
			<block lx="10.9499893" ly="13.375" lz="-16.1874924" ux="12.7499924" uy="13.874999" uz="-13.7874908" index="100" material="1" look="0" up="4" color="bfbfbfbf"/>
		</item>
		<item parent="2705" index="2706">
			<block lx="-17.4500046" ly="13.375" lz="-10.7874947" ux="-16.8499985" uy="13.874999" uz="-7.78749466" index="100" material="1" look="1" up="4" color="bfbfbfbf"/>
		</item>
		<item parent="2707" index="0">
			<block lx="-3.00000381" ly="13.875" lz="-7.68749237" ux="-3.81469727e-006" uy="34.375" uz="-4.68749237" index="1" material="1" look="1" up="3" color="ffbfaea3"/>
		</item>
		<item parent="4621" index="4625">
			<block lx="-5.25000381" ly="13.875" lz="-12.4374924" ux="-3.25000381" uy="28.375" uz="-10.4374924" index="1" material="1" look="1" up="3" color="ffbfaea3"/>
		</item>
		<item parent="4620" index="4626">
			<block lx="0.999996185" ly="13.875" lz="-2.18749237" ux="2.99999619" uy="30.875" uz="-0.187492371" index="1" material="1" look="1" up="3" color="ffbfaea3"/>
		</item>
		<item parent="4623" index="4627">
			<block lx="0.999996185" ly="13.875" lz="-10.9374924" ux="2.99999619" uy="25.875" uz="-8.93749237" index="1" material="1" look="1" up="3" color="ffbfaea3"/>
		</item>
		<item parent="4620" index="4628">
			<block lx="-7.00000381" ly="13.875" lz="-0.437492371" ux="-5.00000381" uy="25.875" uz="1.56250763" index="1" material="1" look="1" up="3" color="ffbfaea3"/>
		</item>
		<item parent="4621" index="4629">
			<block lx="-10.2500038" ly="13.875" lz="-14.1874924" ux="-8.25000381" uy="23.375" uz="-12.1874924" index="1" material="1" look="1" up="3" color="ffbfaea3"/>
		</item>
		<item parent="4620" index="4630">
			<block lx="5.24999619" ly="13.875" lz="-0.187492371" ux="7.24999619" uy="23.375" uz="1.81250763" index="1" material="1" look="1" up="3" color="ffbfaea3"/>
		</item>
		<item parent="4621" index="4631">
			<block lx="5.49999619" ly="13.875" lz="-14.1874924" ux="7.49999619" uy="20.875" uz="-12.1874924" index="1" material="1" look="1" up="3" color="ffbfaea3"/>
		</item>
		<item parent="4619" index="4632">
			<block lx="-2.00000381" ly="13.875" lz="-16.6874924" ux="-1.00000381" uy="20.875" uz="-15.6874924" index="1" material="1" look="1" up="3" color="ffbfaea3"/>
		</item>
		<item parent="2707" index="4633">
			<block lx="6.74999619" ly="13.875" lz="-6.68749237" ux="7.74999619" uy="20.875" uz="-5.68749237" index="1" material="1" look="1" up="3" color="ffbfaea3"/>
		</item>
		<item parent="4616" index="4634">
			<block lx="-0.500003815" ly="13.875" lz="5.06250763" ux="0.499996185" uy="20.875" uz="6.06250763" index="1" material="1" look="1" up="3" color="ffbfaea3"/>
		</item>
		<item parent="2707" index="4635">
			<block lx="-7.25000381" ly="13.875" lz="-5.68749237" ux="-6.25000381" uy="20.875" uz="-4.68749237" index="1" material="1" look="1" up="3" color="ffbfaea3"/>
		</item>
		<item parent="4622" index="4636">
			<block lx="-14.5000038" ly="13.875" lz="-2.43749237" ux="-13.5000038" uy="20.875" uz="-1.43749237" index="1" material="1" look="1" up="3" color="ffbfaea3"/>
		</item>
		<item parent="4617" index="4637">
			<block lx="-9.00000381" ly="13.875" lz="-18.9374924" ux="-8.00000381" uy="18.375" uz="-17.9374924" index="1" material="1" look="1" up="3" color="ffbfaea3"/>
		</item>
		<item parent="4616" index="4638">
			<block lx="-9.00000381" ly="13.875" lz="5.31250763" ux="-8.00000381" uy="18.375" uz="6.31250763" index="1" material="1" look="1" up="3" color="ffbfaea3"/>
		</item>
		<item parent="4620" index="4639">
			<block lx="10.7499962" ly="13.875" lz="-0.937492371" ux="11.7499962" uy="18.375" uz="0.0625076294" index="1" material="1" look="1" up="3" color="ffbfaea3"/>
		</item>
		<item parent="4617" index="4640">
			<block lx="1.99999619" ly="13.875" lz="-17.1874924" ux="2.99999619" uy="18.375" uz="-16.1874924" index="1" material="1" look="1" up="3" color="ffbfaea3"/>
		</item>
		<item parent="4621" index="4641">
			<block lx="8.24999619" ly="13.875" lz="-11.6874924" ux="9.24999619" uy="18.375" uz="-10.6874924" index="1" material="1" look="1" up="3" color="ffbfaea3"/>
		</item>
		<item parent="4623" index="4642">
			<block lx="11.9999962" ly="13.875" lz="-10.1874924" ux="12.4999962" uy="17.375" uz="-9.68749237" index="1" material="1" look="1" up="3" color="ffbfaea3"/>
		</item>
		<item parent="4622" index="4643">
			<block lx="8.49999619" ly="13.875" lz="-3.68749237" ux="8.99999619" uy="17.375" uz="-3.18749237" index="1" material="1" look="1" up="3" color="ffbfaea3"/>
		</item>
		<item parent="4614" index="4644">
			<block lx="3.99999619" ly="13.875" lz="6.06250763" ux="4.49999619" uy="17.375" uz="6.56250763" index="1" material="1" look="1" up="3" color="ffbfaea3"/>
		</item>
		<item parent="4620" index="4645">
			<block lx="-10.5000038" ly="13.875" lz="-1.18749237" ux="-10.0000038" uy="17.375" uz="-0.687492371" index="1" material="1" look="1" up="3" color="ffbfaea3"/>
		</item>
		<item parent="4621" index="4646">
			<block lx="-12.7500038" ly="13.875" lz="-11.9374924" ux="-12.2500038" uy="17.375" uz="-11.4374924" index="1" material="1" look="1" up="3" color="ffbfaea3"/>
		</item>
		<item parent="4623" index="4647">
			<block lx="-8.00000381" ly="13.875" lz="-9.93749237" ux="-7.50000381" uy="17.375" uz="-9.43749237" index="1" material="1" look="1" up="3" color="ffbfaea3"/>
		</item>
		<item parent="4619" index="4648">
			<block lx="-12.7500038" ly="13.874999" lz="-15.9374924" ux="-12.2500038" uy="17.375" uz="-15.4374924" index="1" material="1" look="1" up="3" color="ffbfaea3"/>
		</item>
		<item parent="4615" index="4649">
			<block lx="-0.750003815" ly="13.875" lz="-20.4374924" ux="-0.250003815" uy="17.375" uz="-19.9374924" index="1" material="1" look="1" up="3" color="ffbfaea3"/>
		</item>
		<item parent="4617" index="4650">
			<block lx="-5.00000381" ly="13.875" lz="-17.1874924" ux="-4.50000381" uy="17.375" uz="-16.6874924" index="1" material="1" look="1" up="3" color="ffbfaea3"/>
		</item>
		<item parent="4619" index="4651">
			<block lx="8.24999619" ly="13.875" lz="-15.6874924" ux="8.74999619" uy="17.375" uz="-15.1874924" index="1" material="1" look="1" up="3" color="ffbfaea3"/>
		</item>
		<item parent="4616" index="4652">
			<block lx="7.49999619" ly="13.875" lz="4.31250763" ux="7.99999619" uy="15.875" uz="4.81250763" index="1" material="1" look="1" up="3" color="ffbfaea3"/>
		</item>
		<item parent="4620" index="4653">
			<block lx="-3.25000381" ly="13.875" lz="-0.187492371" ux="-2.75000381" uy="15.875" uz="0.312507629" index="1" material="1" look="1" up="3" color="ffbfaea3"/>
		</item>
		<item parent="4618" index="4654">
			<block lx="2.99999619" ly="13.875" lz="1.56250763" ux="3.49999619" uy="15.875" uz="2.06250763" index="1" material="1" look="1" up="3" color="ffbfaea3"/>
		</item>
		<item parent="4614" index="4655">
			<block lx="-4.50000381" ly="13.875" lz="6.31250763" ux="-4.00000381" uy="15.875" uz="6.81250763" index="1" material="1" look="1" up="3" color="ffbfaea3"/>
		</item>
		<item parent="4618" index="4656">
			<block lx="-11.7500038" ly="13.875" lz="2.31250763" ux="-11.2500038" uy="15.875" uz="2.81250763" index="1" material="1" look="1" up="3" color="ffbfaea3"/>
		</item>
		<item parent="2707" index="4657">
			<block lx="-14.0000038" ly="13.875" lz="-7.18749237" ux="-13.5000038" uy="15.875" uz="-6.68749237" index="1" material="1" look="1" up="3" color="ffbfaea3"/>
		</item>
		<item parent="4623" index="4658">
			<block lx="-10.0000038" ly="13.875" lz="-9.93749237" ux="-9.50000381" uy="15.875" uz="-9.43749237" index="1" material="1" look="1" up="3" color="ffbfaea3"/>
		</item>
		<item parent="4621" index="4659">
			<block lx="1.74999619" ly="13.8750019" lz="-12.9374924" ux="2.24999619" uy="15.8750019" uz="-12.4374924" index="1" material="1" look="1" up="3" color="ffbfaea3"/>
		</item>
		<item parent="4617" index="4660">
			<block lx="4.74999619" ly="13.875" lz="-18.6874924" ux="5.24999619" uy="15.875" uz="-18.1874924" index="1" material="1" look="1" up="3" color="ffbfaea3"/>
		</item>
		<item parent="4624" index="4661">
			<block lx="-4.50000381" ly="13.8749981" lz="-20.9374924" ux="-4.00000381" uy="15.8749981" uz="-20.4374924" index="1" material="1" look="1" up="3" color="ffbfaea3"/>
		</item>
		<item parent="2707" index="4662">
			<block lx="2.74999619" ly="13.875" lz="-5.93749237" ux="3.24999619" uy="15.875" uz="-5.43749237" index="1" material="1" look="1" up="3" color="ffbfaea3"/>
		</item>
		<item parent="4623" index="4663">
			<block lx="4.74999619" ly="13.875" lz="-8.93749237" ux="5.24999619" uy="15.875" uz="-8.43749237" index="1" material="1" look="1" up="3" color="ffbfaea3"/>
		</item>
		<item parent="4622" index="4664">
			<block lx="11.9999962" ly="13.875" lz="-3.68749237" ux="12.4999962" uy="15.875" uz="-3.18749237" index="1" material="1" look="1" up="3" color="ffbfaea3"/>
		</item>
		<item parent="4614" index="4665">
			<block lx="-1.75000381" ly="13.874999" lz="7.81250763" ux="-1.25000381" uy="14.874999" uz="8.31250763" index="1" material="1" look="1" up="3" color="ffbfaea3"/>
		</item>
		<item parent="4616" index="4666">
			<block lx="-11.5000038" ly="13.875" lz="4.81250763" ux="-11.0000038" uy="14.875" uz="5.31250763" index="1" material="1" look="1" up="3" color="ffbfaea3"/>
		</item>
		<item parent="4622" index="4667">
			<block lx="-7.50000381" ly="13.875" lz="-2.18749237" ux="-7.00000381" uy="14.875" uz="-1.68749237" index="1" material="1" look="1" up="3" color="ffbfaea3"/>
		</item>
		<item parent="4623" index="4668">
			<block lx="-15.2500038" ly="13.875" lz="-9.93749237" ux="-14.7500038" uy="14.875" uz="-9.43749237" index="1" material="1" look="1" up="3" color="ffbfaea3"/>
		</item>
		<item parent="4623" index="4669">
			<block lx="-13.0000038" ly="13.875" lz="-9.43749237" ux="-12.5000038" uy="14.875" uz="-8.93749237" index="1" material="1" look="1" up="3" color="ffbfaea3"/>
		</item>
		<item parent="4624" index="4670">
			<block lx="1.49999619" ly="13.875" lz="-20.9374924" ux="1.99999619" uy="14.875" uz="-20.4374924" index="1" material="1" look="1" up="3" color="ffbfaea3"/>
		</item>
		<item parent="4619" index="4671">
			<block lx="4.99999619" ly="13.875" lz="-16.4374924" ux="5.49999619" uy="14.875" uz="-15.9374924" index="1" material="1" look="1" up="3" color="ffbfaea3"/>
		</item>
		<item parent="4619" index="4672">
			<block lx="0.749996185" ly="13.875" lz="-15.9374924" ux="1.24999619" uy="14.875" uz="-15.4374924" index="1" material="1" look="1" up="3" color="ffbfaea3"/>
		</item>
		<item parent="2707" index="4673">
			<block lx="10.4999962" ly="13.875" lz="-6.18749237" ux="10.9999962" uy="14.875" uz="-5.68749237" index="1" material="1" look="1" up="3" color="ffbfaea3"/>
		</item>
		<item parent="4618" index="4674">
			<block lx="8.74999619" ly="13.875" lz="2.31250763" ux="9.24999619" uy="14.875" uz="2.81250763" index="1" material="1" look="1" up="3" color="ffbfaea3"/>
		</item>
		<item parent="4769" index="5209">
			<block lx="-46.6000023" ly="-15.25" lz="4.68750763" ux="-46.5000038" uy="-14.75" uz="5.68750763" index="150" material="1" look="1" up="3" color="ff009acd"/>
		</item>
		<item parent="2687" index="4697">
			<block lx="13.8999882" ly="9.375" lz="-4.5874939" ux="14.5" uy="13.375" uz="-1.58749199" index="100" material="1" look="4" up="1" color="bfbfbfbf"/>
		</item>
		<item parent="2707" index="4698">
			<block lx="-17.5000095" ly="9.375" lz="-4.58749771" ux="-16.8999996" uy="13.375" uz="-1.5874958" index="100" material="1" look="1" up="5" color="bfbfbfbf"/>
		</item>
		<item parent="4691" index="4693">
			<block lx="13.8999901" ly="9.375" lz="-10.7874908" ux="14.5" uy="13.375" uz="-7.78748703" index="100" material="1" look="5" up="1" color="bfbfbfbf"/>
		</item>
		<item parent="4697" index="4699">
			<block lx="12.6999836" ly="9.375" lz="-1.58749771" ux="13.8999996" uy="13.375" uz="1.41250801" index="100" material="1" look="0" up="5" color="bfbfbfbf"/>
		</item>
		<item parent="4698" index="4700">
			<block lx="-16.8999996" ly="9.875" lz="-4.58749771" ux="13.8999939" uy="13.375" uz="-1.58750153" index="310" material="0" look="1" up="3" color="ffbfaea3"/>
		</item>
		<item parent="4693" index="4696">
			<block lx="-16.8999977" ly="9.875" lz="-10.787487" ux="13.8999958" uy="13.375" uz="-7.78749084" index="310" material="0" look="1" up="3" color="ffbfaea3"/>
		</item>
		<item parent="4689" index="4691">
			<block lx="12.6999855" ly="9.375" lz="-13.7874908" ux="13.9000015" uy="13.375" uz="-10.7874832" index="100" material="1" look="0" up="4" color="bfbfbfbf"/>
		</item>
		<item parent="4699" index="4701">
			<block lx="10.8999815" ly="9.375" lz="1.41249847" ux="12.6999874" uy="13.375" uz="3.81250954" index="100" material="1" look="0" up="5" color="bfbfbfbf"/>
		</item>
		<item parent="4691" index="4694">
			<block lx="-15.6999855" ly="9.875" lz="-13.7874832" ux="12.7000065" uy="13.375" uz="-10.787487" index="310" material="0" look="1" up="3" color="bfbfbfbf"/>
		</item>
		<item parent="4687" index="4689">
			<block lx="10.8999834" ly="9.375" lz="-16.1874924" ux="12.6999893" uy="13.375" uz="-13.7874794" index="100" material="1" look="0" up="4" color="bfbfbfbf"/>
		</item>
		<item parent="4701" index="4702">
			<block lx="8.49998856" ly="9.375" lz="3.81249619" ux="10.8999844" uy="13.375" uz="6.21251106" index="100" material="1" look="0" up="5" color="bfbfbfbf"/>
		</item>
		<item parent="4689" index="4692">
			<block lx="-13.8999834" ly="9.875" lz="-16.1874809" ux="10.900012" uy="13.375" uz="-13.7874832" index="310" material="0" look="1" up="3" color="bfbfbfbf"/>
		</item>
		<item parent="4685" index="4687">
			<block lx="8.49999046" ly="9.375" lz="-18.5874939" ux="10.8999863" uy="13.375" uz="-16.1874771" index="100" material="1" look="0" up="4" color="bfbfbfbf"/>
		</item>
		<item parent="4702" index="4703">
			<block lx="6.09999514" ly="9.375" lz="6.2124939" ux="8.49999046" uy="13.375" uz="8.0125103" index="100" material="1" look="4" up="1" color="bfbfbfbf"/>
		</item>
		<item parent="4687" index="4690">
			<block lx="-11.4999924" ly="9.875" lz="-18.5874786" ux="8.50000286" uy="13.375" uz="-16.1874809" index="310" material="0" look="1" up="3" color="ffbfaea3"/>
		</item>
		<item parent="4682" index="4685">
			<block lx="6.09999704" ly="9.375" lz="-20.3874969" ux="8.49999237" uy="13.375" uz="-18.5874786" index="100" material="1" look="5" up="1" color="bfbfbfbf"/>
		</item>
		<item parent="4703" index="4704">
			<block lx="3.09999609" ly="9.375" lz="8.01249313" ux="6.09999704" uy="13.375" uz="9.21252251" index="100" material="1" look="4" up="1" color="bfbfbfbf"/>
		</item>
		<item parent="4685" index="4688">
			<block lx="-9.09999657" ly="9.87500191" lz="-20.3874817" ux="6.0999999" uy="13.375" uz="-18.5874786" index="6" material="0" look="1" up="3" color="ffbfaea3"/>
		</item>
		<item parent="4679" index="4682">
			<block lx="3.099998" ly="9.375" lz="-21.5875092" ux="6.09999895" uy="13.375" uz="-20.3874779" index="100" material="1" look="5" up="1" color="bfbfbfbf"/>
		</item>
		<item parent="4704" index="4705">
			<block lx="0.0999962091" ly="9.375" lz="9.21250534" ux="3.09999704" uy="13.375" uz="9.81252861" index="100" material="1" look="0" up="5" color="bfbfbfbf"/>
		</item>
		<item parent="2697" index="4679">
			<block lx="0.0999990702" ly="9.375" lz="-22.1875076" ux="3.09999895" uy="13.375" uz="-21.5874863" index="100" material="1" look="0" up="4" color="bfbfbfbf"/>
		</item>
		<item parent="4769" index="5206">
			<block lx="-46.6000023" ly="-16.75" lz="-16.3124924" ux="-46.5000038" uy="-14.75" uz="-14.8124924" index="150" material="1" look="1" up="3" color="ff009acd"/>
		</item>
		<item parent="4679" index="4942">
			<block lx="-3.09999752" ly="9.375" lz="-22.1875076" ux="0.0999994278" uy="13.375" uz="-21.5874863" index="2" material="1" look="1" up="3" color="bfbfbfbf"/>
		</item>
		<item parent="4700" index="4938">
			<block lx="-3.50000286" ly="9.875" lz="-7.78749752" ux="0.499997139" uy="13.375" uz="-4.58749771" index="53" material="1" look="1" up="3" color="ffbfaea3"/>
		</item>
		<item parent="2678" index="4707">
			<block lx="-6.0999999" ly="9.375" lz="9.21250534" ux="-3.0999999" uy="13.375" uz="9.81252861" index="100" material="1" look="1" up="5" color="bfbfbfbf"/>
		</item>
		<item parent="2700" index="4680">
			<block lx="-6.099998" ly="9.375" lz="-22.1875076" ux="-3.09999704" uy="13.375" uz="-21.5874863" index="100" material="1" look="1" up="4" color="bfbfbfbf"/>
		</item>
		<item parent="2700" index="4675">
			<block lx="-9.1029892" ly="9.375" lz="-21.5875092" ux="-6.10298777" uy="13.375" uz="-20.3874779" index="100" material="1" look="1" up="4" color="bfbfbfbf"/>
		</item>
		<item parent="4707" index="4708">
			<block lx="-9.10000038" ly="9.375" lz="8.01249313" ux="-6.09999895" uy="13.375" uz="9.21252251" index="100" material="1" look="1" up="5" color="bfbfbfbf"/>
		</item>
		<item parent="4675" index="4676">
			<block lx="-11.5" ly="9.375" lz="-20.3874969" ux="-9.1000042" uy="13.375" uz="-18.5874786" index="100" material="1" look="1" up="4" color="bfbfbfbf"/>
		</item>
		<item parent="4708" index="4709">
			<block lx="-11.4999943" ly="9.375" lz="6.2124939" ux="-9.09999847" uy="13.375" uz="8.0125103" index="100" material="1" look="1" up="5" color="bfbfbfbf"/>
		</item>
		<item parent="4769" index="5208">
			<block lx="-46.6000023" ly="-15.25" lz="-17.3124924" ux="-46.5000038" uy="-14.75" uz="-16.3124924" index="150" material="1" look="1" up="3" color="ff009acd"/>
		</item>
		<item parent="4676" index="4678">
			<block lx="-13.8999939" ly="9.375" lz="-18.5874939" ux="-11.4999981" uy="13.375" uz="-16.1874809" index="100" material="1" look="1" up="4" color="bfbfbfbf"/>
		</item>
		<item parent="4709" index="4711">
			<block lx="-13.8999882" ly="9.375" lz="3.81249428" ux="-11.4999924" uy="13.375" uz="6.21250725" index="100" material="1" look="1" up="5" color="bfbfbfbf"/>
		</item>
		<item parent="4709" index="4712">
			<block lx="-9.09999847" ly="9.87500191" lz="6.2124939" ux="6.099998" uy="13.375" uz="8.01249313" index="6" material="0" look="1" up="3" color="ffbfaea3"/>
		</item>
		<item parent="4678" index="4681">
			<block lx="-15.6999969" ly="9.375" lz="-16.1874924" ux="-13.899991" uy="13.375" uz="-13.7874832" index="100" material="1" look="1" up="4" color="bfbfbfbf"/>
		</item>
		<item parent="4711" index="4713">
			<block lx="-15.6999912" ly="9.375" lz="1.41249466" ux="-13.8999853" uy="13.375" uz="3.81250572" index="100" material="1" look="1" up="5" color="bfbfbfbf"/>
		</item>
		<item parent="4711" index="4714">
			<block lx="-11.4999943" ly="9.875" lz="3.81249428" ux="8.50000095" uy="13.375" uz="6.2124939" index="310" material="0" look="1" up="3" color="ffbfaea3"/>
		</item>
		<item parent="4681" index="4684">
			<block lx="-16.9000092" ly="9.375" lz="-13.7874908" ux="-15.6999931" uy="13.375" uz="-10.787487" index="100" material="1" look="1" up="4" color="bfbfbfbf"/>
		</item>
		<item parent="4713" index="4715">
			<block lx="-16.9000034" ly="9.375" lz="-1.58750153" ux="-15.6999874" uy="13.375" uz="1.4125042" index="100" material="1" look="1" up="5" color="bfbfbfbf"/>
		</item>
		<item parent="4707" index="4943">
			<block lx="-3.10000038" ly="9.375" lz="9.21250629" ux="0.0999965668" uy="13.375" uz="9.81252766" index="2" material="1" look="1" up="3" color="bfbfbfbf"/>
		</item>
		<item parent="4684" index="4686">
			<block lx="-17.5000076" ly="9.375" lz="-10.7874908" ux="-16.8999977" uy="13.375" uz="-7.78749084" index="100" material="1" look="1" up="4" color="bfbfbfbf"/>
		</item>
		<item parent="4715" index="4717">
			<block lx="-15.6999874" ly="9.875" lz="-1.58750153" ux="12.7000046" uy="13.375" uz="1.41249466" index="310" material="0" look="1" up="3" color="bfbfbfbf"/>
		</item>
		<item parent="4711" index="4757">
			<block lx="-11.4999962" ly="9.375" lz="3.81250572" ux="8.50000381" uy="9.875" uz="6.21250725" index="2" material="1" look="1" up="3" color="bfbfbfbf"/>
		</item>
		<item parent="4685" index="4731">
			<block lx="-9.09999847" ly="9.375" lz="-20.3874969" ux="6.10000181" uy="9.875" uz="-18.5874939" index="2" material="1" look="1" up="3" color="bfbfbfbf"/>
		</item>
		<item parent="4713" index="4759">
			<block lx="-13.8999882" ly="9.375" lz="1.4125042" ux="10.900013" uy="9.875" uz="3.81250572" index="2" material="1" look="1" up="3" color="bfbfbfbf"/>
		</item>
		<item parent="4715" index="4760">
			<block lx="-15.6999912" ly="9.375" lz="-1.5874958" ux="12.7000084" uy="9.875" uz="1.4125042" index="2" material="1" look="1" up="3" color="bfbfbfbf"/>
		</item>
		<item parent="4709" index="4755">
			<block lx="-9.10000038" ly="9.375" lz="6.21250725" ux="6.0999999" uy="9.875" uz="8.0125103" index="2" material="1" look="1" up="3" color="bfbfbfbf"/>
		</item>
		<item parent="4698" index="4743">
			<block lx="-16.9000034" ly="9.375" lz="-4.5874958" ux="13.8999977" uy="9.875" uz="-1.5874958" index="2" material="1" look="1" up="3" color="bfbfbfbf"/>
		</item>
		<item parent="4693" index="4739">
			<block lx="-16.9000015" ly="9.375" lz="-10.7874908" ux="13.8999996" uy="9.875" uz="-7.78749084" index="2" material="1" look="1" up="3" color="bfbfbfbf"/>
		</item>
		<item parent="4687" index="4733">
			<block lx="-11.4999943" ly="9.375" lz="-18.5874939" ux="8.50000572" uy="9.875" uz="-16.1874924" index="2" material="1" look="1" up="3" color="bfbfbfbf"/>
		</item>
		<item parent="4689" index="4735">
			<block lx="-13.8999863" ly="9.375" lz="-16.1874924" ux="10.9000149" uy="9.875" uz="-13.7874908" index="2" material="1" look="1" up="3" color="bfbfbfbf"/>
		</item>
		<item parent="4691" index="4737">
			<block lx="-15.6999893" ly="9.375" lz="-13.7874908" ux="12.7000103" uy="9.875" uz="-10.7874908" index="2" material="1" look="1" up="3" color="bfbfbfbf"/>
		</item>
		<item parent="4675" index="4761">
			<block lx="-26.0000038" ly="-7.375" lz="-24.8124924" ux="20.4999962" uy="9.375" uz="13.1875076" index="4" material="0" look="1" up="3" color="ffbfaea3"/>
		</item>
		<item parent="4761" index="4769">
			<block lx="-46.5000038" ly="-24.125" lz="-24.8124924" ux="47.2500038" uy="-7.375" uz="13.1875076" index="4" material="0" look="1" up="3" color="ffbfaea3"/>
		</item>
		<item parent="4769" index="4770">
			<block lx="-26.0000038" ly="-40.875" lz="-24.8124924" ux="20.4999962" uy="-24.125" uz="13.1875076" index="4" material="0" look="1" up="3" color="ffbfaea3"/>
		</item>
		<item parent="4761" index="4771">
			<block lx="-26.0000038" ly="-7.375" lz="13.1875076" ux="20.4999962" uy="9.375" uz="51.1875038" index="185" material="0" look="4" up="3" color="ffbfaea3"/>
		</item>
		<item parent="4770" index="4772">
			<block lx="-26.0000038" ly="-40.875" lz="13.1875076" ux="20.4999962" uy="-24.125" uz="51.1875" index="185" material="0" look="4" up="2" color="ffbfaea3"/>
		</item>
		<item parent="4770" index="4773">
			<block lx="-26.0000038" ly="-40.875" lz="-51.5624924" ux="20.4999962" uy="-24.125" uz="-24.8124924" index="185" material="0" look="5" up="2" color="ffbfaea3"/>
		</item>
		<item parent="4761" index="4774">
			<block lx="-26.0000038" ly="-7.375" lz="-51.5624924" ux="20.4999962" uy="9.375" uz="-24.8124924" index="185" material="0" look="5" up="3" color="ffbfaea3"/>
		</item>
		<item parent="4761" index="4775">
			<block lx="20.5000038" ly="-7.375" lz="-24.8124924" ux="47.2500038" uy="9.375" uz="13.1875076" index="185" material="0" look="0" up="3" color="ffbfaea3"/>
		</item>
		<item parent="4770" index="4776">
			<block lx="20.5000038" ly="-40.875" lz="-24.8124924" ux="47.2500038" uy="-24.125" uz="13.1875076" index="185" material="0" look="0" up="2" color="ffbfaea3"/>
		</item>
		<item parent="4770" index="4777">
			<block lx="-46.5000038" ly="-40.875" lz="-24.8124924" ux="-26.0000038" uy="-24.125" uz="13.1875076" index="185" material="0" look="1" up="2" color="ffbfaea3"/>
		</item>
		<item parent="4761" index="4778">
			<block lx="-46.5000038" ly="-7.375" lz="-24.8124924" ux="-26.0000038" uy="9.375" uz="13.1875076" index="185" material="0" look="1" up="3" color="ffbfaea3"/>
		</item>
		<item parent="4795" index="4910">
			<block lx="-26.0000057" ly="-24.125" lz="-51.5624924" ux="20.5000038" uy="-7.375" uz="-24.8124924" index="4" material="0" look="1" up="3" color="ffbfaea3"/>
		</item>
		<item parent="4769" index="5211">
			<block lx="-46.6000023" ly="-16.75" lz="4.68750763" ux="-46.5000038" uy="-16.25" uz="5.68750763" index="150" material="1" look="1" up="3" color="ff009acd"/>
		</item>
		<item parent="4769" index="5323">
			<block lx="47.2500038" ly="-12.25" lz="-10.3124924" ux="47.3500023" uy="-11.25" uz="-9.31249237" index="150" material="1" look="1" up="3" color="ffee4000"/>
		</item>
		<item parent="4769" index="5308">
			<block lx="47.2500038" ly="-18.25" lz="-4.31249237" ux="47.3500023" uy="-17.25" uz="-3.31249237" index="150" material="1" look="1" up="3" color="ffee4000"/>
		</item>
		<item parent="4775" index="4783">
			<block lx="20.5000038" ly="-7.375" lz="13.1875" ux="47.2500038" uy="9.375" uz="51.1875" index="186" material="0" look="4" up="3" color="ffbfaea3"/>
		</item>
		<item parent="4774" index="4784">
			<block lx="20.4999962" ly="-7.375" lz="-51.5624924" ux="46.9999962" uy="9.375" uz="-24.8124924" index="186" material="0" look="0" up="3" color="ffbfaea3"/>
		</item>
		<item parent="4778" index="4785">
			<block lx="-46.5000038" ly="-7.375" lz="-51.3124924" ux="-26.0000038" uy="9.375" uz="-24.8124924" index="186" material="0" look="5" up="3" color="ffbfaea3"/>
		</item>
		<item parent="4778" index="4786">
			<block lx="-46.5000038" ly="-7.375" lz="13.1875038" ux="-26.0000038" uy="9.375" uz="51.1875038" index="186" material="0" look="1" up="3" color="ffbfaea3"/>
		</item>
		<item parent="4777" index="4787">
			<block lx="-46.5000038" ly="-40.875" lz="-51.5624924" ux="-26.0000038" uy="-24.125" uz="-24.8124924" index="186" material="0" look="1" up="2" color="ffbfaea3"/>
		</item>
		<item parent="4772" index="4788">
			<block lx="-47.2500038" ly="-40.875" lz="13.1875076" ux="-26.0000038" uy="-24.125" uz="51.1875" index="186" material="0" look="4" up="2" color="ffbfaea3"/>
		</item>
		<item parent="4771" index="4930">
			<block lx="-26.0000038" ly="-24.125" lz="24.4125061" ux="20.4999886" uy="-7.375" uz="51.1625061" index="4" material="0" look="1" up="3" color="ffbfaea3"/>
		</item>
		<item parent="4773" index="4790">
			<block lx="20.4999962" ly="-40.875" lz="-51.5624924" ux="46.9999962" uy="-24.125" uz="-24.8124924" index="186" material="0" look="5" up="2" color="ffbfaea3"/>
		</item>
		<item parent="4769" index="4795">
			<block lx="-46.5000038" ly="-24.125" lz="-51.5624924" ux="-26.0000038" uy="-7.375" uz="-24.8124924" index="185" material="0" look="5" up="0" color="ffbfaea3"/>
		</item>
		<item parent="4769" index="4792">
			<block lx="20.5000038" ly="-24.125" lz="13.1875076" ux="47.2500038" uy="-7.375" uz="51.1875038" index="185" material="0" look="4" up="1" color="ffbfaea3"/>
		</item>
		<item parent="4769" index="4794">
			<block lx="20.5000038" ly="-24.125" lz="-51.5624924" ux="47.2500038" uy="-7.375" uz="-24.8124924" index="185" material="0" look="5" up="1" color="ffbfaea3"/>
		</item>
		<item parent="4769" index="4796">
			<block lx="-46.5000038" ly="-24.125" lz="13.1875076" ux="-26.0000038" uy="-7.375" uz="51.1875076" index="185" material="0" look="4" up="0" color="ffbfaea3"/>
		</item>
		<item parent="4769" index="5210">
			<block lx="-46.6000023" ly="-16.75" lz="-17.3124924" ux="-46.5000038" uy="-16.25" uz="-16.3124924" index="150" material="1" look="1" up="3" color="ff009acd"/>
		</item>
		<item parent="4769" index="5213">
			<block lx="-46.6000023" ly="-16.75" lz="3.18750763" ux="-46.5000038" uy="-14.75" uz="4.68750763" index="150" material="1" look="1" up="3" color="ff009acd"/>
		</item>
		<item parent="4769" index="5214">
			<block lx="-46.6000023" ly="-16.75" lz="-14.8124924" ux="-46.5000038" uy="-14.75" uz="3.18750763" index="190" material="0" look="1" up="3" color="ff009acd"/>
		</item>
		<item parent="4769" index="5337">
			<block lx="47.2500038" ly="-10.25" lz="-0.312492371" ux="47.3500023" uy="-9.25" uz="0.687507629" index="150" material="1" look="1" up="3" color="ffee4000"/>
		</item>
		<item parent="4769" index="5329">
			<block lx="47.2500076" ly="-12.25" lz="-2.31249237" ux="47.3500061" uy="-11.25" uz="-1.31249237" index="150" material="1" look="1" up="3" color="ffee4000"/>
		</item>
		<item parent="4769" index="5321">
			<block lx="47.2500038" ly="-14.25" lz="-8.31249237" ux="47.3500023" uy="-13.25" uz="-7.31249237" index="150" material="1" look="1" up="3" color="ffee4000"/>
		</item>
		<item parent="4930" index="4924">
			<block lx="-26.0000038" ly="-24.125" lz="13.2875061" ux="-4.00000381" uy="-7.375" uz="24.4125061" index="5" material="0" look="1" up="3" color="ffbfaea3"/>
		</item>
		<item parent="4771" index="4926">
			<block lx="-1.49999619" ly="-24.125" lz="13.2875061" ux="20.5000038" uy="-7.375" uz="24.4125061" index="5" material="0" look="1" up="3" color="ffbfaea3"/>
		</item>
		<item parent="4769" index="5327">
			<block lx="47.25" ly="-14.25" lz="-4.31249237" ux="47.3499985" uy="-13.25" uz="-3.31249237" index="150" material="1" look="1" up="3" color="ffee4000"/>
		</item>
		<item parent="4769" index="5325">
			<block lx="47.2500076" ly="-10.25" lz="-12.3124924" ux="47.3500061" uy="-9.25" uz="-11.3124924" index="150" material="1" look="1" up="3" color="ffee4000"/>
		</item>
		<item parent="4769" index="5319">
			<block lx="47.2500038" ly="-22.25" lz="-12.3124924" ux="47.3500023" uy="-21.25" uz="-11.3124924" index="150" material="1" look="1" up="3" color="ffee4000"/>
		</item>
		<item parent="4772" index="4931">
			<block lx="20.4999962" ly="-40.875" lz="13.1875076" ux="47.2499962" uy="-24.125" uz="51.1875" index="186" material="0" look="0" up="2" color="ffbfaea3"/>
		</item>
		<item parent="4769" index="5312">
			<block lx="47.2500076" ly="-22.25" lz="-0.312492371" ux="47.3500061" uy="-21.25" uz="0.687507629" index="150" material="1" look="1" up="3" color="ffee4000"/>
		</item>
		<item parent="4712" index="4940">
			<block lx="-3.10000038" ly="9.87500095" lz="8.01249313" ux="0.0999999046" uy="13.375001" uz="8.61249161" index="53" material="1" look="1" up="3" color="bfbfbfbf"/>
		</item>
		<item parent="4688" index="4941">
			<block lx="-3.10000062" ly="9.87500095" lz="-20.9874802" ux="0.100003958" uy="13.375001" uz="-20.3874817" index="53" material="1" look="1" up="3" color="bfbfbfbf"/>
		</item>
		<item parent="4938" index="4944">
			<block lx="-5.00000381" ly="9.875" lz="-7.78749752" ux="-3.50000381" uy="13.375" uz="-4.58749771" index="52" material="1" look="1" up="3" color="bfbfbfbf"/>
		</item>
		<item parent="4938" index="4945">
			<block lx="0.499996185" ly="9.875" lz="-7.78749752" ux="1.99999619" uy="13.375" uz="-4.58749771" index="52" material="1" look="1" up="3" color="bfbfbfbf"/>
		</item>
		<item parent="4944" index="4946">
			<block lx="-5.60002518" ly="9.875" lz="-7.78749752" ux="-5.00000381" uy="13.375" uz="-4.58749771" index="2" material="1" look="1" up="3" color="bfbfbfbf"/>
		</item>
		<item parent="4945" index="4947">
			<block lx="1.99999809" ly="9.875" lz="-7.78749752" ux="2.60001945" uy="13.375" uz="-4.58749771" index="2" material="1" look="1" up="3" color="bfbfbfbf"/>
		</item>
		<item parent="4697" index="4948">
			<block lx="13.8999834" ly="9.375" lz="-7.78749084" ux="14.5000048" uy="13.375" uz="-4.5874939" index="2" material="1" look="1" up="3" color="bfbfbfbf"/>
		</item>
		<item parent="4686" index="4949">
			<block lx="-17.5000134" ly="9.375" lz="-7.78749084" ux="-16.899992" uy="13.375" uz="-4.5874939" index="2" material="1" look="1" up="3" color="bfbfbfbf"/>
		</item>
		<item parent="4761" index="5473">
			<block lx="18.7499962" ly="9.375" lz="11.6875076" ux="19.7499962" uy="9.47499847" uz="12.6875076" index="150" material="1" look="1" up="3" color="ff0000ee"/>
		</item>
		<item parent="0" index="5474">
			<block lx="-3.00000381" ly="34.375" lz="-7.68749237" ux="-3.81469727e-006" uy="34.875" uz="-4.68749237" index="150" material="1" look="1" up="3" color="ffff7f24"/>
		</item>
		<item parent="4761" index="5472">
			<block lx="18.7499962" ly="9.375" lz="-24.3124924" ux="19.7499962" uy="9.47499847" uz="-23.3124924" index="150" material="1" look="1" up="3" color="ff0000ee"/>
		</item>
		<item parent="4761" index="5471">
			<block lx="-25.2500038" ly="9.37499619" lz="11.6875076" ux="-24.2500038" uy="9.47499466" uz="12.6875076" index="150" material="1" look="1" up="3" color="ff0000ee"/>
		</item>
		<item parent="4949" index="4954">
			<block lx="-17.6000118" ly="13.3250008" lz="-7.18749237" ux="-17.5000134" uy="13.4249992" uz="-5.18749237" index="150" material="1" look="1" up="3" color="ffbfaea3"/>
		</item>
		<item parent="2698" index="4955">
			<block lx="-2.44999647" ly="13.3250008" lz="-22.2875099" ux="-0.449996471" uy="13.4249992" uz="-22.1875114" index="150" material="1" look="1" up="3" color="ffbfaea3"/>
		</item>
		<item parent="2707" index="4956">
			<block lx="14.5500031" ly="13.3249998" lz="-7.1874938" ux="14.6500015" uy="13.4249983" uz="-5.18749475" index="150" material="1" look="1" up="3" color="ffbfaea3"/>
		</item>
		<item parent="2676" index="4957">
			<block lx="-2.44999933" ly="13.3250008" lz="9.8125267" ux="-0.449999332" uy="13.4249992" uz="9.91252518" index="150" material="1" look="1" up="3" color="ffbfaea3"/>
		</item>
		<item parent="4769" index="5155">
			<block lx="-46.6000023" ly="-8.75" lz="11.6875076" ux="-46.5000038" uy="-7.75" uz="12.6875076" index="150" material="1" look="1" up="3" color="ffbfaea3"/>
		</item>
		<item parent="4769" index="5188">
			<block lx="-46.6000023" ly="-16.25" lz="-17.3124924" ux="-46.5000038" uy="-15.25" uz="-16.3124924" index="11" material="0" look="0" up="3" color="ff009acd"/>
		</item>
		<item parent="4769" index="5174">
			<block lx="-46.6000023" ly="-17.75" lz="-18.3124924" ux="-46.5000038" uy="-13.75" uz="-17.3124924" index="150" material="1" look="1" up="3" color="ff009acd"/>
		</item>
		<item parent="4769" index="5176">
			<block lx="-46.6000023" ly="-19.75" lz="-20.3124924" ux="-46.5000038" uy="-18.75" uz="-19.3124924" index="150" material="1" look="1" up="3" color="ff009acd"/>
		</item>
		<item parent="4769" index="5180">
			<block lx="-46.6000023" ly="-21.75" lz="-22.3124924" ux="-46.5000038" uy="-20.75" uz="-21.3124924" index="150" material="1" look="1" up="3" color="ff009acd"/>
		</item>
		<item parent="4769" index="5161">
			<block lx="-46.6000023" ly="-10.75" lz="9.68750763" ux="-46.5000038" uy="-9.75" uz="10.6875076" index="150" material="1" look="1" up="3" color="ff009acd"/>
		</item>
		<item parent="4769" index="5165">
			<block lx="-46.6000023" ly="-12.75" lz="7.68750763" ux="-46.5000038" uy="-11.75" uz="8.68750763" index="150" material="1" look="1" up="3" color="ff009acd"/>
		</item>
		<item parent="4769" index="5177">
			<block lx="-46.6000023" ly="-19.75" lz="7.68750763" ux="-46.5000038" uy="-18.75" uz="8.68750763" index="150" material="1" look="1" up="3" color="ff009acd"/>
		</item>
		<item parent="4769" index="5154">
			<block lx="-46.6000023" ly="-8.75" lz="-24.3124924" ux="-46.5000038" uy="-7.75" uz="-23.3124924" index="150" material="1" look="1" up="3" color="ff009acd"/>
		</item>
		<item parent="4769" index="5160">
			<block lx="-46.6000023" ly="-10.75" lz="-22.3124924" ux="-46.5000038" uy="-9.75" uz="-21.3124924" index="150" material="1" look="1" up="3" color="ff009acd"/>
		</item>
		<item parent="4769" index="5164">
			<block lx="-46.6000023" ly="-12.75" lz="-20.3124924" ux="-46.5000038" uy="-11.75" uz="-19.3124924" index="150" material="1" look="1" up="3" color="ff009acd"/>
		</item>
		<item parent="4769" index="5185">
			<block lx="-46.6000023" ly="-23.75" lz="11.6875076" ux="-46.5000038" uy="-22.75" uz="12.6875076" index="150" material="1" look="1" up="3" color="ff009acd"/>
		</item>
		<item parent="4769" index="5200">
			<block lx="-46.6000061" ly="-17.75" lz="-17.3124924" ux="-46.5" uy="-16.75" uz="5.68750763" index="150" material="1" look="1" up="3" color="ff009acd"/>
		</item>
		<item parent="4769" index="5169">
			<block lx="-46.6000023" ly="-17.75" lz="5.68750763" ux="-46.5000038" uy="-13.75" uz="6.68750763" index="150" material="1" look="1" up="3" color="ff009acd"/>
		</item>
		<item parent="4769" index="5181">
			<block lx="-46.6000023" ly="-21.75" lz="9.68750763" ux="-46.5000038" uy="-20.75" uz="10.6875076" index="150" material="1" look="1" up="3" color="ff009acd"/>
		</item>
		<item parent="4769" index="5203">
			<block lx="-46.6000061" ly="-14.75" lz="-17.3124924" ux="-46.5" uy="-13.75" uz="5.68750763" index="150" material="1" look="1" up="3" color="ff009acd"/>
		</item>
		<item parent="4769" index="5184">
			<block lx="-46.6000023" ly="-23.75" lz="-24.3124924" ux="-46.5000038" uy="-22.75" uz="-23.3124924" index="150" material="1" look="1" up="3" color="ff009acd"/>
		</item>
		<item parent="4769" index="5189">
			<block lx="-46.6000023" ly="-16.25" lz="4.68750763" ux="-46.5000038" uy="-15.25" uz="5.68750763" index="11" material="0" look="1" up="3" color="ff009acd"/>
		</item>
		<item parent="4769" index="5190">
			<block lx="-46.6000023" ly="-16.75" lz="-19.3124924" ux="-46.5000038" uy="-14.75" uz="-18.3124924" index="150" material="1" look="1" up="3" color="ff009acd"/>
		</item>
		<item parent="4769" index="5191">
			<block lx="-46.6000023" ly="-16.75" lz="6.68750763" ux="-46.5000038" uy="-14.75" uz="7.68750763" index="150" material="1" look="1" up="3" color="ff009acd"/>
		</item>
		<item parent="4769" index="5315">
			<block lx="47.2500038" ly="-18.25" lz="-8.31249237" ux="47.3500023" uy="-17.25" uz="-7.31249237" index="150" material="1" look="1" up="3" color="ffee4000"/>
		</item>
		<item parent="4769" index="5317">
			<block lx="47.2500038" ly="-20.25" lz="-10.3124924" ux="47.3500023" uy="-19.25" uz="-9.31249237" index="150" material="1" look="1" up="3" color="ffee4000"/>
		</item>
		<item parent="4769" index="5310">
			<block lx="47.2500038" ly="-20.25" lz="-2.31249237" ux="47.3500023" uy="-19.25" uz="-1.31249237" index="150" material="1" look="1" up="3" color="ffee4000"/>
		</item>
		<item parent="4769" index="5306">
			<block lx="47.2500038" ly="-16.25" lz="-6.31249237" ux="47.3500023" uy="-15.25" uz="-5.31249237" index="150" material="1" look="1" up="3" color="ffee4000"/>
		</item>
		<item parent="4910" index="5342">
			<block lx="-4.25000095" ly="-16.25" lz="-51.6624908" ux="-3.25000095" uy="-15.25" uz="-51.5624924" index="150" material="1" look="1" up="3" color="ffff8033"/>
		</item>
		<item parent="4910" index="5351">
			<block lx="1.74999905" ly="-10.25" lz="-51.6624908" ux="2.74999905" uy="-9.25" uz="-51.5624924" index="150" material="1" look="1" up="3" color="ffff8033"/>
		</item>
		<item parent="4910" index="5347">
			<block lx="-0.250000954" ly="-20.25" lz="-51.6624908" ux="0.749999046" uy="-19.25" uz="-51.5624924" index="150" material="1" look="1" up="3" color="ffff8033"/>
		</item>
		<item parent="4910" index="5341">
			<block lx="-2.25000095" ly="-18.25" lz="-51.6624908" ux="-1.25000095" uy="-17.25" uz="-51.5624924" index="150" material="1" look="1" up="3" color="ffff8033"/>
		</item>
		<item parent="4910" index="5343">
			<block lx="-2.25000095" ly="-14.25" lz="-51.6624908" ux="-1.25000095" uy="-13.25" uz="-51.5624924" index="150" material="1" look="1" up="3" color="ffff8033"/>
		</item>
		<item parent="4910" index="5349">
			<block lx="1.74999905" ly="-22.25" lz="-51.6624908" ux="2.74999905" uy="-21.25" uz="-51.5624924" index="150" material="1" look="1" up="3" color="ffff8033"/>
		</item>
		<item parent="4910" index="5345">
			<block lx="-0.250000954" ly="-12.25" lz="-51.6624908" ux="0.749999046" uy="-11.25" uz="-51.5624924" index="150" material="1" look="1" up="3" color="ffff8033"/>
		</item>
		<item parent="4910" index="5354">
			<block lx="-8.25" ly="-22.25" lz="-51.6624908" ux="-7.25000191" uy="-21.25" uz="-51.5624924" index="150" material="1" look="1" up="3" color="ffff8033"/>
		</item>
		<item parent="4910" index="5353">
			<block lx="-8.25" ly="-10.25" lz="-51.6624908" ux="-7.25000191" uy="-9.25" uz="-51.5624924" index="150" material="1" look="1" up="3" color="ffff8033"/>
		</item>
		<item parent="4910" index="5356">
			<block lx="-10.25" ly="-20.25" lz="-51.6624908" ux="-9.25000191" uy="-19.25" uz="-51.5624924" index="150" material="1" look="1" up="3" color="ffff8033"/>
		</item>
		<item parent="4910" index="5358">
			<block lx="-12.25" ly="-18.25" lz="-51.6624908" ux="-11.2500019" uy="-17.25" uz="-51.5624924" index="150" material="1" look="1" up="3" color="ffff8033"/>
		</item>
		<item parent="4910" index="5359">
			<block lx="-14.25" ly="-16.25" lz="-51.6624908" ux="-13.2500019" uy="-15.25" uz="-51.5624924" index="150" material="1" look="1" up="3" color="ffff8033"/>
		</item>
		<item parent="4910" index="5360">
			<block lx="-12.25" ly="-14.25" lz="-51.6624908" ux="-11.2500019" uy="-13.25" uz="-51.5624924" index="150" material="1" look="1" up="3" color="ffff8033"/>
		</item>
		<item parent="4910" index="5361">
			<block lx="-10.25" ly="-12.25" lz="-51.6624908" ux="-9.25000191" uy="-11.25" uz="-51.5624924" index="150" material="1" look="1" up="3" color="ffff8033"/>
		</item>
		<item parent="4910" index="5370">
			<block lx="5.75" ly="-16.25" lz="-51.6624908" ux="6.74999809" uy="-15.25" uz="-51.5624924" index="150" material="1" look="1" up="3" color="ffff8033"/>
		</item>
		<item parent="4910" index="5376">
			<block lx="7.75" ly="-14.25" lz="-51.6624908" ux="8.74999809" uy="-13.25" uz="-51.5624924" index="150" material="1" look="1" up="3" color="ffff8033"/>
		</item>
		<item parent="4910" index="5378">
			<block lx="11.75" ly="-10.25" lz="-51.6624908" ux="12.7499981" uy="-9.25" uz="-51.5624924" index="150" material="1" look="1" up="3" color="ffff8033"/>
		</item>
		<item parent="4910" index="5377">
			<block lx="9.75" ly="-12.25" lz="-51.6624908" ux="10.7499981" uy="-11.25" uz="-51.5624924" index="150" material="1" look="1" up="3" color="ffff8033"/>
		</item>
		<item parent="4910" index="5380">
			<block lx="7.75" ly="-18.25" lz="-51.6624908" ux="8.74999809" uy="-17.25" uz="-51.5624924" index="150" material="1" look="1" up="3" color="ffff8033"/>
		</item>
		<item parent="4910" index="5382">
			<block lx="9.75" ly="-20.25" lz="-51.6624908" ux="10.7499981" uy="-19.25" uz="-51.5624924" index="150" material="1" look="1" up="3" color="ffff8033"/>
		</item>
		<item parent="4910" index="5384">
			<block lx="11.75" ly="-22.25" lz="-51.6624908" ux="12.7499981" uy="-21.25" uz="-51.5624924" index="150" material="1" look="1" up="3" color="ffff8033"/>
		</item>
		<item parent="4930" index="5386">
			<block lx="-4.25000763" ly="-16.25" lz="51.1625061" ux="-3.25000763" uy="-15.25" uz="51.2625046" index="150" material="1" look="1" up="3" color="ffff8033"/>
		</item>
		<item parent="4930" index="5398">
			<block lx="1.74999237" ly="-10.25" lz="51.1625061" ux="2.74999237" uy="-9.25" uz="51.2625046" index="150" material="1" look="1" up="3" color="ffff8033"/>
		</item>
		<item parent="4930" index="5396">
			<block lx="-0.250007629" ly="-12.25" lz="51.1625061" ux="0.749992371" uy="-11.25" uz="51.2625046" index="150" material="1" look="1" up="3" color="ffff8033"/>
		</item>
		<item parent="4930" index="5389">
			<block lx="-2.25000763" ly="-18.25" lz="51.1625061" ux="-1.25000763" uy="-17.25" uz="51.2625046" index="150" material="1" look="1" up="3" color="ffff8033"/>
		</item>
		<item parent="4930" index="5394">
			<block lx="-2.25000763" ly="-14.25" lz="51.1625061" ux="-1.25000763" uy="-13.25" uz="51.2625046" index="150" material="1" look="1" up="3" color="ffff8033"/>
		</item>
		<item parent="4930" index="5391">
			<block lx="-0.250007629" ly="-20.25" lz="51.1625061" ux="0.749992371" uy="-19.25" uz="51.2625046" index="150" material="1" look="1" up="3" color="ffff8033"/>
		</item>
		<item parent="4930" index="5399">
			<block lx="1.74999237" ly="-22.25" lz="51.1625061" ux="2.74999237" uy="-21.25" uz="51.2625046" index="150" material="1" look="1" up="3" color="ffff8033"/>
		</item>
		<item parent="4930" index="5409">
			<block lx="5.74999237" ly="-16.25" lz="51.1625061" ux="6.74999237" uy="-15.25" uz="51.2625046" index="150" material="1" look="1" up="3" color="ffff8033"/>
		</item>
		<item parent="4930" index="5411">
			<block lx="7.74999237" ly="-14.25" lz="51.1625061" ux="8.74999237" uy="-13.25" uz="51.2625046" index="150" material="1" look="1" up="3" color="ffff8033"/>
		</item>
		<item parent="4930" index="5412">
			<block lx="9.74999237" ly="-12.25" lz="51.1625061" ux="10.7499924" uy="-11.25" uz="51.2625046" index="150" material="1" look="1" up="3" color="ffff8033"/>
		</item>
		<item parent="4930" index="5413">
			<block lx="11.7499924" ly="-10.25" lz="51.1625061" ux="12.7499924" uy="-9.25" uz="51.2625046" index="150" material="1" look="1" up="3" color="ffff8033"/>
		</item>
		<item parent="4930" index="5414">
			<block lx="7.74999237" ly="-18.25" lz="51.1625061" ux="8.74999237" uy="-17.25" uz="51.2625046" index="150" material="1" look="1" up="3" color="ffff8033"/>
		</item>
		<item parent="4930" index="5415">
			<block lx="9.74999237" ly="-20.25" lz="51.1625061" ux="10.7499924" uy="-19.25" uz="51.2625046" index="150" material="1" look="1" up="3" color="ffff8033"/>
		</item>
		<item parent="4930" index="5416">
			<block lx="11.7499924" ly="-22.25" lz="51.1625061" ux="12.7499924" uy="-21.25" uz="51.2625046" index="150" material="1" look="1" up="3" color="ffff8033"/>
		</item>
		<item parent="4930" index="5417">
			<block lx="-14.2500076" ly="-16.25" lz="51.1625061" ux="-13.2500076" uy="-15.25" uz="51.2625046" index="150" material="1" look="1" up="3" color="ffff8033"/>
		</item>
		<item parent="4930" index="5418">
			<block lx="-12.2500076" ly="-14.25" lz="51.1625061" ux="-11.2500076" uy="-13.25" uz="51.2625046" index="150" material="1" look="1" up="3" color="ffff8033"/>
		</item>
		<item parent="4930" index="5419">
			<block lx="-10.2500076" ly="-12.25" lz="51.1625061" ux="-9.25000763" uy="-11.25" uz="51.2625046" index="150" material="1" look="1" up="3" color="ffff8033"/>
		</item>
		<item parent="4930" index="5420">
			<block lx="-8.25000763" ly="-10.25" lz="51.1625061" ux="-7.25000763" uy="-9.25" uz="51.2625046" index="150" material="1" look="1" up="3" color="ffff8033"/>
		</item>
		<item parent="4930" index="5421">
			<block lx="-12.2500076" ly="-18.25" lz="51.1625061" ux="-11.2500076" uy="-17.25" uz="51.2625046" index="150" material="1" look="1" up="3" color="ffff8033"/>
		</item>
		<item parent="4930" index="5422">
			<block lx="-10.2500076" ly="-20.25" lz="51.1625061" ux="-9.25000763" uy="-19.25" uz="51.2625046" index="150" material="1" look="1" up="3" color="ffff8033"/>
		</item>
		<item parent="4930" index="5423">
			<block lx="-8.25000763" ly="-22.25" lz="51.1625061" ux="-7.25000763" uy="-21.25" uz="51.2625046" index="150" material="1" look="1" up="3" color="ffff8033"/>
		</item>
		<item parent="4770" index="5425">
			<block lx="-4.25000381" ly="-40.9749985" lz="-6.31249237" ux="-3.25000381" uy="-40.875" uz="-5.31249237" index="150" material="1" look="1" up="3" color="ffff8033"/>
		</item>
		<item parent="4770" index="5432">
			<block lx="1.74999619" ly="-40.9749985" lz="-12.3124924" ux="2.74999619" uy="-40.875" uz="-11.3124924" index="150" material="1" look="1" up="3" color="ffff8033"/>
		</item>
		<item parent="4770" index="5427">
			<block lx="-2.25000381" ly="-40.9749985" lz="-8.31249237" ux="-1.25000381" uy="-40.875" uz="-7.31249237" index="150" material="1" look="1" up="3" color="ffff8033"/>
		</item>
		<item parent="4770" index="5429">
			<block lx="-0.250003815" ly="-40.9749985" lz="-10.3124924" ux="0.749996185" uy="-40.875" uz="-9.31249237" index="150" material="1" look="1" up="3" color="ffff8033"/>
		</item>
		<item parent="4770" index="5433">
			<block lx="-2.25000381" ly="-40.9749985" lz="-4.31249237" ux="-1.25000381" uy="-40.875" uz="-3.31249237" index="150" material="1" look="1" up="3" color="ffff8033"/>
		</item>
		<item parent="4770" index="5434">
			<block lx="-0.250003815" ly="-40.9749985" lz="-2.31249237" ux="0.749996185" uy="-40.875" uz="-1.31249237" index="150" material="1" look="1" up="3" color="ffff8033"/>
		</item>
		<item parent="4770" index="5435">
			<block lx="1.74999619" ly="-40.9749985" lz="-0.312492371" ux="2.74999619" uy="-40.875" uz="0.687507629" index="150" material="1" look="1" up="3" color="ffff8033"/>
		</item>
		<item parent="4770" index="5436">
			<block lx="3.74999619" ly="-40.9749985" lz="1.68750763" ux="4.74999619" uy="-40.875" uz="2.68750763" index="150" material="1" look="1" up="3" color="ffff8033"/>
		</item>
		<item parent="4770" index="5437">
			<block lx="3.74999619" ly="-40.9749985" lz="-14.3124924" ux="4.74999619" uy="-40.875" uz="-13.3124924" index="150" material="1" look="1" up="3" color="ffff8033"/>
		</item>
		<item parent="4770" index="5438">
			<block lx="5.74999619" ly="-40.9749985" lz="-6.31249237" ux="6.74999619" uy="-40.875" uz="-5.31249237" index="150" material="1" look="1" up="3" color="ffff8033"/>
		</item>
		<item parent="4770" index="5447">
			<block lx="13.7499962" ly="-40.9749985" lz="-14.3124924" ux="14.7499962" uy="-40.875" uz="-13.3124924" index="150" material="1" look="1" up="3" color="ffff8033"/>
		</item>
		<item parent="4770" index="5440">
			<block lx="7.74999619" ly="-40.9749985" lz="-8.31249237" ux="8.74999619" uy="-40.875" uz="-7.31249237" index="150" material="1" look="1" up="3" color="ffff8033"/>
		</item>
		<item parent="4770" index="5445">
			<block lx="11.7499962" ly="-40.9749985" lz="-12.3124924" ux="12.7499962" uy="-40.875" uz="-11.3124924" index="150" material="1" look="1" up="3" color="ffff8033"/>
		</item>
		<item parent="4770" index="5443">
			<block lx="9.74999619" ly="-40.9749985" lz="-10.3124924" ux="10.7499962" uy="-40.875" uz="-9.31249237" index="150" material="1" look="1" up="3" color="ffff8033"/>
		</item>
		<item parent="4770" index="5448">
			<block lx="7.74999619" ly="-40.9749985" lz="-4.31249237" ux="8.74999619" uy="-40.875" uz="-3.31249237" index="150" material="1" look="1" up="3" color="ffff8033"/>
		</item>
		<item parent="4770" index="5449">
			<block lx="9.74999619" ly="-40.9749985" lz="-2.31249237" ux="10.7499962" uy="-40.875" uz="-1.31249237" index="150" material="1" look="1" up="3" color="ffff8033"/>
		</item>
		<item parent="4770" index="5450">
			<block lx="11.7499962" ly="-40.9749985" lz="-0.312492371" ux="12.7499962" uy="-40.875" uz="0.687507629" index="150" material="1" look="1" up="3" color="ffff8033"/>
		</item>
		<item parent="4770" index="5451">
			<block lx="13.7499962" ly="-40.9749985" lz="1.68750763" ux="14.7499962" uy="-40.875" uz="2.68750763" index="150" material="1" look="1" up="3" color="ffff8033"/>
		</item>
		<item parent="4770" index="5452">
			<block lx="-14.2500038" ly="-40.9749985" lz="-6.31249237" ux="-13.2500038" uy="-40.875" uz="-5.31249237" index="150" material="1" look="1" up="3" color="ffff8033"/>
		</item>
		<item parent="4770" index="5467">
			<block lx="-8.25000381" ly="-40.9749985" lz="-0.312492371" ux="-7.25000381" uy="-40.875" uz="0.687507629" index="150" material="1" look="1" up="3" color="ffff8033"/>
		</item>
		<item parent="4770" index="5454">
			<block lx="-12.2500038" ly="-40.9749985" lz="-8.31249237" ux="-11.2500038" uy="-40.875" uz="-7.31249237" index="150" material="1" look="1" up="3" color="ffff8033"/>
		</item>
		<item parent="4770" index="5463">
			<block lx="-12.2500038" ly="-40.9749985" lz="-4.31249237" ux="-11.2500038" uy="-40.875" uz="-3.31249237" index="150" material="1" look="1" up="3" color="ffff8033"/>
		</item>
		<item parent="4770" index="5456">
			<block lx="-10.2500038" ly="-40.9749985" lz="-10.3124924" ux="-9.25000381" uy="-40.875" uz="-9.31249237" index="150" material="1" look="1" up="3" color="ffff8033"/>
		</item>
		<item parent="4770" index="5469">
			<block lx="-6.25000381" ly="-40.9749985" lz="1.68750763" ux="-5.25000381" uy="-40.875" uz="2.68750763" index="150" material="1" look="1" up="3" color="ffff8033"/>
		</item>
		<item parent="4770" index="5459">
			<block lx="-8.25000381" ly="-40.9749985" lz="-12.3124924" ux="-7.25000381" uy="-40.875" uz="-11.3124924" index="150" material="1" look="1" up="3" color="ffff8033"/>
		</item>
		<item parent="4770" index="5465">
			<block lx="-10.2500038" ly="-40.9749985" lz="-2.31249237" ux="-9.25000381" uy="-40.875" uz="-1.31249237" index="150" material="1" look="1" up="3" color="ffff8033"/>
		</item>
		<item parent="4770" index="5461">
			<block lx="-6.25000381" ly="-40.9749985" lz="-14.3124924" ux="-5.25000381" uy="-40.875" uz="-13.3124924" index="150" material="1" look="1" up="3" color="ffff8033"/>
		</item>
		<item parent="4761" index="5470">
			<block lx="-25.2500038" ly="9.375" lz="-24.3124924" ux="-24.2500038" uy="9.47499847" uz="-23.3124924" index="150" material="1" look="1" up="3" color="ff0000ee"/>
		</item>
		<item parent="5474" index="5476">
			<block lx="-3.00000381" ly="34.875" lz="-7.68749237" ux="-3.81469727e-006" uy="35.375" uz="-4.68749237" index="1" material="1" look="1" up="3" color="ffbfaea3"/>
		</item>
		<item parent="5476" index="5477">
			<block lx="-3.00000381" ly="35.375" lz="-7.68749237" ux="-3.81469727e-006" uy="35.875" uz="-4.68749237" index="150" material="1" look="1" up="3" color="ffff7f24"/>
		</item>
		<item parent="5477" index="5478">
			<block lx="-3.00000381" ly="35.875" lz="-7.68749237" ux="-3.81469727e-006" uy="36.875" uz="-4.68749237" index="1" material="1" look="1" up="3" color="ffbfaea3"/>
		</item>
		<item parent="5478" index="5484">
			<block lx="-1.60000229" ly="36.875" lz="-6.28749084" ux="-1.40000534" uy="39.5749969" uz="-6.0874939" index="122" material="1" look="1" up="3" color="bfbfbfbf"/>
		</item>
		<item parent="5484" index="5485">
			<block lx="-1.60000229" ly="39.5749969" lz="-6.28749084" ux="-1.40000534" uy="39.7749939" uz="-6.0874939" index="150" material="1" look="1" up="3" color="fffa2626"/>
		</item>
	</plan>
</ship_design>
