<?xml version="1.0" encoding="utf-8"?>
<ship_design>
	<plan accumulateHealth="false" convex="false">
		<item parent="-1" index="0">
			<block lx="-1" ly="-1" lz="-1" ux="1" uy="1" uz="1" index="8" material="0" look="1" up="3" color="ff464646"/>
		</item>
		<item parent="0" index="1">
			<block lx="-3" ly="-1" lz="-1" ux="-1" uy="1" uz="1" index="8" material="0" look="1" up="3" color="ff464646"/>
		</item>
		<item parent="0" index="2">
			<block lx="1" ly="-1" lz="-1" ux="3" uy="1" uz="1" index="8" material="0" look="1" up="3" color="ff464646"/>
		</item>
		<item parent="0" index="4">
			<block lx="-1" ly="-1" lz="1" ux="1" uy="1" uz="3" index="8" material="0" look="1" up="3" color="ff464646"/>
		</item>
		<item parent="0" index="5">
			<block lx="-1" ly="-1" lz="-3" ux="1" uy="1" uz="-1" index="8" material="0" look="1" up="3" color="ff464646"/>
		</item>
		<item parent="1" index="6">
			<block lx="-3" ly="-1" lz="-3" ux="-1" uy="1" uz="-1" index="104" material="0" look="5" up="0" color="ff464646"/>
		</item>
		<item parent="2" index="7">
			<block lx="1" ly="-1" lz="-3" ux="3" uy="1" uz="-1" index="104" material="0" look="0" up="4" color="ff464646"/>
		</item>
		<item parent="4" index="8">
			<block lx="1" ly="-1" lz="1" ux="3" uy="1" uz="3" index="104" material="0" look="4" up="1" color="ff464646"/>
		</item>
		<item parent="1" index="9">
			<block lx="-3" ly="-1" lz="1" ux="-1" uy="1" uz="3" index="104" material="0" look="1" up="5" color="ff464646"/>
		</item>
		<item parent="4" index="10">
			<block lx="-1" ly="1" lz="1" ux="1" uy="3" uz="3" index="104" material="0" look="2" up="5" color="ff464646"/>
		</item>
		<item parent="0" index="11">
			<block lx="-1" ly="-3" lz="1" ux="1" uy="-1" uz="3" index="104" material="0" look="3" up="5" color="ff464646"/>
		</item>
		<item parent="5" index="12">
			<block lx="-1" ly="1" lz="-3" ux="1" uy="3" uz="-1" index="104" material="0" look="5" up="3" color="ff464646"/>
		</item>
		<item parent="0" index="13">
			<block lx="-1" ly="-3" lz="-3" ux="1" uy="-1" uz="-1" index="104" material="0" look="3" up="4" color="ff464646"/>
		</item>
		<item parent="2" index="14">
			<block lx="1" ly="1" lz="-1" ux="3" uy="3" uz="1" index="104" material="0" look="0" up="3" color="ff464646"/>
		</item>
		<item parent="0" index="15">
			<block lx="1" ly="-3" lz="-1" ux="3" uy="-1" uz="1" index="104" material="0" look="0" up="2" color="ff464646"/>
		</item>
		<item parent="1" index="16">
			<block lx="-3" ly="1" lz="-1" ux="-1" uy="3" uz="1" index="104" material="0" look="1" up="3" color="ff464646"/>
		</item>
		<item parent="0" index="17">
			<block lx="-3" ly="-3" lz="-1" ux="-1" uy="-1" uz="1" index="104" material="0" look="1" up="2" color="ff464646"/>
		</item>
		<item parent="16" index="18">
			<block lx="-3" ly="1" lz="-3" ux="-1" uy="3" uz="-1" index="105" material="0" look="5" up="3" color="ff464646"/>
		</item>
		<item parent="0" index="19">
			<block lx="1" ly="1" lz="-3" ux="3" uy="3" uz="-1" index="105" material="0" look="0" up="3" color="ff464646"/>
		</item>
		<item parent="0" index="20">
			<block lx="-3" ly="-3" lz="-3" ux="-1" uy="-1" uz="-1" index="105" material="0" look="1" up="2" color="ff464646"/>
		</item>
		<item parent="0" index="21">
			<block lx="1" ly="-3" lz="-3" ux="3" uy="-1" uz="-1" index="105" material="0" look="0" up="4" color="ff464646"/>
		</item>
		<item parent="0" index="22">
			<block lx="-3" ly="1" lz="1" ux="-1" uy="3" uz="3" index="105" material="0" look="1" up="3" color="ff464646"/>
		</item>
		<item parent="0" index="23">
			<block lx="1" ly="1" lz="1" ux="3" uy="3" uz="3" index="105" material="0" look="0" up="5" color="ff464646"/>
		</item>
		<item parent="0" index="24">
			<block lx="-3" ly="-3" lz="1" ux="-1" uy="-1" uz="3" index="105" material="0" look="1" up="5" color="ff464646"/>
		</item>
		<item parent="0" index="25">
			<block lx="1" ly="-3" lz="1" ux="3" uy="-1" uz="3" index="105" material="0" look="0" up="2" color="ff464646"/>
		</item>
		<item parent="10" index="26">
			<block lx="-1" ly="1" lz="-1" ux="1" uy="3" uz="1" index="8" material="0" look="1" up="3" color="ff464646"/>
		</item>
		<item parent="0" index="27">
			<block lx="-1" ly="-3" lz="-1" ux="1" uy="-1" uz="1" index="8" material="0" look="1" up="3" color="ff464646"/>
		</item>
		<item parent="2" index="28">
			<block lx="3" ly="5.96046448e-008" lz="-0.5" ux="7" uy="0.49999994" uz="0" index="105" material="0" look="2" up="4" color="ff464646"/>
		</item>
		<item parent="1" index="29">
			<block lx="-7" ly="5.96046448e-008" lz="-0.5" ux="-3" uy="0.49999994" uz="0" index="105" material="0" look="1" up="4" color="ff464646"/>
		</item>
		<item parent="2" index="30">
			<block lx="3" ly="-0.49999994" lz="-0.5" ux="7" uy="-5.96046448e-008" uz="0" index="105" material="0" look="0" up="4" color="ff464646"/>
		</item>
		<item parent="1" index="31">
			<block lx="-7" ly="-0.49999994" lz="-0.5" ux="-3" uy="-5.96046448e-008" uz="0" index="105" material="0" look="1" up="2" color="ff464646"/>
		</item>
		<item parent="2" index="32">
			<block lx="3" ly="5.96046448e-008" lz="0" ux="7" uy="0.49999994" uz="0.5" index="105" material="0" look="0" up="5" color="ff464646"/>
		</item>
		<item parent="1" index="33">
			<block lx="-7" ly="5.96046448e-008" lz="0" ux="-3" uy="0.49999994" uz="0.5" index="105" material="0" look="1" up="3" color="ff464646"/>
		</item>
		<item parent="2" index="34">
			<block lx="3" ly="-0.49999994" lz="0" ux="7" uy="-5.96046448e-008" uz="0.5" index="105" material="0" look="0" up="2" color="ff464646"/>
		</item>
		<item parent="1" index="35">
			<block lx="-7" ly="-0.49999994" lz="0" ux="-3" uy="-5.96046448e-008" uz="0.5" index="105" material="0" look="1" up="5" color="ff464646"/>
		</item>
		<item parent="5" index="36">
			<block lx="-0.500000119" ly="1.04308128e-007" lz="-6.99999952" ux="8.94069672e-008" uy="0.499999881" uz="-2.99999952" index="105" material="0" look="2" up="0" color="ff464646"/>
		</item>
		<item parent="36" index="37">
			<block lx="-0.500000119" ly="-0.499999762" lz="-6.99999952" ux="8.94069672e-008" uy="1.49011612e-008" uz="-2.99999952" index="105" material="0" look="5" up="0" color="ff464646"/>
		</item>
		<item parent="36" index="38">
			<block lx="-8.94069672e-008" ly="1.04308128e-007" lz="-6.99999952" ux="0.50000006" uy="0.499999881" uz="-2.99999952" index="105" material="0" look="5" up="1" color="ff464646"/>
		</item>
		<item parent="36" index="39">
			<block lx="-8.94069672e-008" ly="-0.499999762" lz="-6.99999952" ux="0.50000006" uy="1.49011612e-008" uz="-2.99999952" index="105" material="0" look="5" up="2" color="ff464646"/>
		</item>
		<item parent="4" index="40">
			<block lx="-8.94069672e-008" ly="1.34110451e-007" lz="3" ux="0.500000119" uy="0.499999881" uz="7" index="105" material="0" look="2" up="1" color="ff464646"/>
		</item>
		<item parent="40" index="41">
			<block lx="-8.94069672e-008" ly="-0.499999642" lz="3" ux="0.500000119" uy="4.47034836e-008" uz="7" index="105" material="0" look="4" up="1" color="ff464646"/>
		</item>
		<item parent="40" index="42">
			<block lx="-0.50000006" ly="1.34110451e-007" lz="3" ux="8.94069672e-008" uy="0.499999881" uz="7" index="105" material="0" look="4" up="0" color="ff464646"/>
		</item>
		<item parent="40" index="43">
			<block lx="-0.50000006" ly="-0.499999642" lz="3" ux="8.94069672e-008" uy="4.47034836e-008" uz="7" index="105" material="0" look="4" up="2" color="ff464646"/>
		</item>
		<item parent="26" index="44">
			<block lx="0" ly="3" lz="-0.499999762" ux="0.5" uy="7" uz="-2.23517418e-007" index="105" material="0" look="5" up="1" color="ff464646"/>
		</item>
		<item parent="44" index="45">
			<block lx="0" ly="3" lz="2.98023224e-008" ux="0.5" uy="7" uz="0.499999583" index="105" material="0" look="2" up="1" color="ff464646"/>
		</item>
		<item parent="44" index="46">
			<block lx="-0.499999881" ly="3" lz="-0.499999762" ux="1.34110451e-007" uy="7" uz="-2.23517418e-007" index="105" material="0" look="2" up="0" color="ff464646"/>
		</item>
		<item parent="44" index="47">
			<block lx="-0.499999881" ly="3" lz="2.98023224e-008" ux="1.34110451e-007" uy="7" uz="0.499999583" index="105" material="0" look="2" up="5" color="ff464646"/>
		</item>
		<item parent="27" index="48">
			<block lx="-0.5" ly="-7" lz="-0.499999762" ux="0" uy="-3" uz="-2.5331974e-007" index="105" material="0" look="5" up="0" color="ff464646"/>
		</item>
		<item parent="48" index="49">
			<block lx="-0.5" ly="-7" lz="-1.49011612e-008" ux="0" uy="-3" uz="0.499999464" index="105" material="0" look="3" up="0" color="ff464646"/>
		</item>
		<item parent="48" index="50">
			<block lx="-1.34110451e-007" ly="-7" lz="-0.499999762" ux="0.499999881" uy="-3" uz="-2.5331974e-007" index="105" material="0" look="3" up="1" color="ff464646"/>
		</item>
		<item parent="48" index="51">
			<block lx="-1.34110451e-007" ly="-7" lz="-1.49011612e-008" ux="0.499999881" uy="-3" uz="0.499999464" index="105" material="0" look="3" up="5" color="ff464646"/>
		</item>
		<item parent="1" index="52">
			<block lx="-3.01000023" ly="-0.850000024" lz="-0.099999994" ux="-3" uy="-0.649999976" uz="0.099999994" index="150" material="0" look="1" up="3" color="ffee0000"/>
		</item>
		<item parent="2" index="53">
			<block lx="3" ly="-0.849999905" lz="-0.0999999046" ux="3.01000023" uy="-0.650000095" uz="0.0999999046" index="150" material="0" look="1" up="3" color="ffee0000"/>
		</item>
		<item parent="4" index="54">
			<block lx="-0.0999999046" ly="-0.849999905" lz="3" ux="0.0999999046" uy="-0.650000095" uz="3.01000023" index="150" material="0" look="1" up="3" color="ffee0000"/>
		</item>
		<item parent="5" index="55">
			<block lx="-0.0999999046" ly="-0.849999905" lz="-3.01000023" ux="0.0999999046" uy="-0.650000095" uz="-3" index="150" material="0" look="1" up="3" color="ffee0000"/>
		</item>
		<item parent="27" index="56">
			<block lx="-0.0999999046" ly="-3.01000023" lz="-0.849999905" ux="0.0999999046" uy="-3" uz="-0.650000095" index="150" material="0" look="1" up="3" color="ffee0000"/>
		</item>
		<item parent="26" index="57">
			<block lx="-0.0999999046" ly="3" lz="-0.849999905" ux="0.0999999046" uy="3.01000023" uz="-0.650000095" index="150" material="0" look="1" up="3" color="ffee0000"/>
		</item>
	</plan>
</ship_design>
