<?xml version="1.0" encoding="utf-8"?>
<ship_design>
	<plan accumulateHealth="true" convex="false">
		<item parent="2697" index="2698">
			<block lx="-3.04999495" ly="13.375" lz="-22.2500114" ux="0.150002003" uy="13.874999" uz="-21.6500053" index="2" material="1" look="1" up="3" color="bfbfbfbf"/>
		</item>
		<item parent="2687" index="2685">
			<block lx="10.9499874" ly="13.375" lz="1.3500061" ux="12.7499905" uy="13.874999" uz="3.75000763" index="100" material="1" look="0" up="5" color="bfbfbfbf"/>
		</item>
		<item parent="2693" index="4619">
			<block lx="-13.8499832" ly="13.374999" lz="-16.2499962" ux="10.9500179" uy="13.874999" uz="-13.8499947" index="2" material="1" look="1" up="3" color="bfbfbfbf"/>
		</item>
		<item parent="2704" index="2705">
			<block lx="-16.8500061" ly="13.374999" lz="-13.8499947" ux="-15.6499939" uy="13.874999" uz="-10.8499947" index="100" material="1" look="1" up="4" color="bfbfbfbf"/>
		</item>
		<item parent="2683" index="2681">
			<block lx="6.14999962" ly="13.375" lz="6.15000534" ux="8.54999352" uy="13.874999" uz="7.95000839" index="100" material="1" look="4" up="1" color="bfbfbfbf"/>
		</item>
		<item parent="2678" index="2680">
			<block lx="-9.04999733" ly="13.375" lz="7.95000839" ux="-6.04999733" uy="13.874999" uz="9.1500206" index="100" material="1" look="1" up="5" color="bfbfbfbf"/>
		</item>
		<item parent="4624" index="2701">
			<block lx="-6.04999542" ly="13.375" lz="-22.2500114" ux="-3.04999495" uy="13.874999" uz="-21.6500053" index="100" material="1" look="1" up="4" color="bfbfbfbf"/>
		</item>
		<item parent="2694" index="4617">
			<block lx="-11.4499912" ly="13.374999" lz="-18.6499977" ux="8.55000877" uy="13.874999" uz="-16.2499962" index="2" material="1" look="1" up="3" color="bfbfbfbf"/>
		</item>
		<item parent="2691" index="2707">
			<block lx="-17.4500046" ly="13.374999" lz="-7.84999466" ux="14.5500031" uy="13.874999" uz="-4.6499939" index="2" material="1" look="1" up="3" color="bfbfbfbf"/>
		</item>
		<item parent="2702" index="2703">
			<block lx="-13.8499908" ly="13.375" lz="-18.6499977" ux="-11.4499969" uy="13.874999" uz="-16.2499962" index="100" material="1" look="1" up="4" color="bfbfbfbf"/>
		</item>
		<item parent="2681" index="2679">
			<block lx="3.14999962" ly="13.375" lz="7.95000839" ux="6.14999962" uy="13.874999" uz="9.1500206" index="100" material="1" look="4" up="1" color="bfbfbfbf"/>
		</item>
		<item parent="2676" index="2678">
			<block lx="-6.04999733" ly="13.375" lz="9.1500206" ux="-3.04999781" uy="13.874999" uz="9.7500267" index="100" material="1" look="1" up="5" color="bfbfbfbf"/>
		</item>
		<item parent="2682" index="2684">
			<block lx="-13.8499851" ly="13.375" lz="3.75000381" ux="-11.4499912" uy="13.874999" uz="6.15000534" index="100" material="1" look="1" up="5" color="bfbfbfbf"/>
		</item>
		<item parent="2703" index="2704">
			<block lx="-15.6499939" ly="13.374999" lz="-16.2499962" ux="-13.8499908" uy="13.874999" uz="-13.8499947" index="100" material="1" look="1" up="4" color="bfbfbfbf"/>
		</item>
		<item parent="2692" index="2691">
			<block lx="13.9499969" ly="13.375" lz="-10.8499908" ux="14.5500031" uy="13.874999" uz="-7.84999084" index="100" material="1" look="5" up="1" color="bfbfbfbf"/>
		</item>
		<item parent="4624" index="2697">
			<block lx="0.150002003" ly="13.375" lz="-22.2500114" ux="3.15000153" uy="13.874999" uz="-21.6500053" index="100" material="1" look="0" up="4" color="bfbfbfbf"/>
		</item>
		<item parent="2695" index="4615">
			<block lx="-9.04999542" ly="13.375" lz="-20.4500008" ux="6.15000439" uy="13.874999" uz="-18.6499977" index="2" material="1" look="1" up="3" color="bfbfbfbf"/>
		</item>
		<item parent="2696" index="2695">
			<block lx="6.15000153" ly="13.375" lz="-20.4499969" ux="8.54999542" uy="13.874999" uz="-18.6499939" index="100" material="1" look="5" up="1" color="bfbfbfbf"/>
		</item>
		<item parent="2684" index="2686">
			<block lx="-15.6499882" ly="13.374999" lz="1.35000229" ux="-13.8499851" uy="13.874999" uz="3.75000381" index="100" material="1" look="1" up="5" color="bfbfbfbf"/>
		</item>
		<item parent="2679" index="2677">
			<block lx="0.149999142" ly="13.375" lz="9.1500206" ux="3.14999962" uy="13.874999" uz="9.7500267" index="100" material="1" look="0" up="5" color="bfbfbfbf"/>
		</item>
		<item parent="2700" index="2702">
			<block lx="-11.4499969" ly="13.375" lz="-20.4500008" ux="-9.05000305" uy="13.874999" uz="-18.6499977" index="100" material="1" look="1" up="4" color="bfbfbfbf"/>
		</item>
		<item parent="2677" index="2676">
			<block lx="-3.04999781" ly="13.375" lz="9.1500206" ux="0.149999142" uy="13.874999" uz="9.7500267" index="2" material="1" look="1" up="3" color="bfbfbfbf"/>
		</item>
		<item parent="2707" index="2708">
			<block lx="-17.4500065" ly="13.375" lz="-4.64999771" ux="-16.8500004" uy="13.874999" uz="-1.64999771" index="100" material="1" look="1" up="5" color="bfbfbfbf"/>
		</item>
		<item parent="-1" index="2700">
			<block lx="-9.05298615" ly="13.375" lz="-21.6500092" ux="-6.05298615" uy="13.874999" uz="-20.4499969" index="100" material="1" look="1" up="4" color="bfbfbfbf"/>
		</item>
		<item parent="2680" index="4613">
			<block lx="-6.04999733" ly="13.375" lz="7.95000839" ux="3.15000248" uy="13.874999" uz="9.1500206" index="2" material="1" look="1" up="3" color="bfbfbfbf"/>
		</item>
		<item parent="2682" index="4614">
			<block lx="-9.04999733" ly="13.375" lz="6.15000534" ux="6.15000248" uy="13.874999" uz="7.95000839" index="2" material="1" look="1" up="3" color="bfbfbfbf"/>
		</item>
		<item parent="2684" index="4616">
			<block lx="-11.4499931" ly="13.374999" lz="3.75000381" ux="8.55000687" uy="13.874999" uz="6.15000534" index="2" material="1" look="1" up="3" color="bfbfbfbf"/>
		</item>
		<item parent="2686" index="2688">
			<block lx="-16.8500004" ly="13.375" lz="-1.64999771" ux="-15.6499882" uy="13.874999" uz="1.35000229" index="100" material="1" look="1" up="5" color="bfbfbfbf"/>
		</item>
		<item parent="2685" index="2683">
			<block lx="8.54999352" ly="13.375" lz="3.75000763" ux="10.9499874" uy="13.874999" uz="6.15000916" index="100" material="1" look="0" up="5" color="bfbfbfbf"/>
		</item>
		<item parent="2708" index="4622">
			<block lx="-16.8500004" ly="13.374999" lz="-4.64999771" ux="13.9500008" uy="13.874999" uz="-1.64999771" index="2" material="1" look="1" up="3" color="bfbfbfbf"/>
		</item>
		<item parent="2691" index="4623">
			<block lx="-16.8499985" ly="13.374999" lz="-10.8499947" ux="13.9500027" uy="13.874999" uz="-7.84999466" index="2" material="1" look="1" up="3" color="bfbfbfbf"/>
		</item>
		<item parent="2697" index="2696">
			<block lx="3.15000153" ly="13.375" lz="-21.6500092" ux="6.15000153" uy="13.874999" uz="-20.4499969" index="100" material="1" look="5" up="1" color="bfbfbfbf"/>
		</item>
		<item parent="2693" index="2692">
			<block lx="12.7499924" ly="13.375" lz="-13.8499908" ux="13.9500046" uy="13.874999" uz="-10.8499908" index="100" material="1" look="0" up="4" color="bfbfbfbf"/>
		</item>
		<item parent="2700" index="4624">
			<block lx="-6.05298615" ly="13.375" lz="-21.6500092" ux="3.14701462" uy="13.874999" uz="-20.4499969" index="2" material="1" look="1" up="3" color="bfbfbfbf"/>
		</item>
		<item parent="2680" index="2682">
			<block lx="-11.4499912" ly="13.375" lz="6.15000534" ux="-9.04999733" uy="13.874999" uz="7.95000839" index="100" material="1" look="1" up="5" color="bfbfbfbf"/>
		</item>
		<item parent="2692" index="4621">
			<block lx="-15.6499863" ly="13.374999" lz="-13.8499947" ux="12.7500134" uy="13.874999" uz="-10.8499947" index="2" material="1" look="1" up="3" color="bfbfbfbf"/>
		</item>
		<item parent="2688" index="4620">
			<block lx="-15.6499882" ly="13.374999" lz="-1.64999771" ux="12.7500114" uy="13.874999" uz="1.35000229" index="2" material="1" look="1" up="3" color="bfbfbfbf"/>
		</item>
		<item parent="2689" index="2687">
			<block lx="12.7499905" ly="13.375" lz="-1.6499939" ux="13.9500027" uy="13.874999" uz="1.3500061" index="100" material="1" look="0" up="5" color="bfbfbfbf"/>
		</item>
		<item parent="2686" index="4618">
			<block lx="-13.8499851" ly="13.374999" lz="1.35000229" ux="10.950016" uy="13.874999" uz="3.75000381" index="2" material="1" look="1" up="3" color="bfbfbfbf"/>
		</item>
		<item parent="2695" index="2694">
			<block lx="8.54999542" ly="13.375" lz="-18.6499939" ux="10.9499893" uy="13.874999" uz="-16.2499924" index="100" material="1" look="0" up="4" color="bfbfbfbf"/>
		</item>
		<item parent="2707" index="2689">
			<block lx="13.949995" ly="13.375" lz="-4.6499939" ux="14.5500031" uy="13.874999" uz="-1.6499939" index="100" material="1" look="4" up="1" color="bfbfbfbf"/>
		</item>
		<item parent="2694" index="2693">
			<block lx="10.9499893" ly="13.375" lz="-16.2499924" ux="12.7499924" uy="13.874999" uz="-13.8499908" index="100" material="1" look="0" up="4" color="bfbfbfbf"/>
		</item>
		<item parent="2705" index="2706">
			<block lx="-17.4500046" ly="13.375" lz="-10.8499947" ux="-16.8499985" uy="13.874999" uz="-7.84999466" index="100" material="1" look="1" up="4" color="bfbfbfbf"/>
		</item>
		<item parent="2707" index="0">
			<block lx="-3.00000381" ly="13.875" lz="-7.74999237" ux="-3.81469727e-006" uy="34.375" uz="-4.74999237" index="1" material="1" look="1" up="3" color="ffbfaea3"/>
		</item>
		<item parent="4621" index="4625">
			<block lx="-5.25000381" ly="13.875" lz="-12.4999924" ux="-3.25000381" uy="28.375" uz="-10.4999924" index="1" material="1" look="1" up="3" color="ffbfaea3"/>
		</item>
		<item parent="4620" index="4626">
			<block lx="0.999996185" ly="13.875" lz="-2.24999237" ux="2.99999619" uy="30.875" uz="-0.249992371" index="1" material="1" look="1" up="3" color="ffbfaea3"/>
		</item>
		<item parent="4623" index="4627">
			<block lx="0.999996185" ly="13.875" lz="-10.9999924" ux="2.99999619" uy="25.875" uz="-8.99999237" index="1" material="1" look="1" up="3" color="ffbfaea3"/>
		</item>
		<item parent="4620" index="4628">
			<block lx="-7.00000381" ly="13.875" lz="-0.499992371" ux="-5.00000381" uy="25.875" uz="1.50000763" index="1" material="1" look="1" up="3" color="ffbfaea3"/>
		</item>
		<item parent="4621" index="4629">
			<block lx="-10.2500038" ly="13.875" lz="-14.2499924" ux="-8.25000381" uy="23.375" uz="-12.2499924" index="1" material="1" look="1" up="3" color="ffbfaea3"/>
		</item>
		<item parent="4620" index="4630">
			<block lx="5.24999619" ly="13.875" lz="-0.249992371" ux="7.24999619" uy="23.375" uz="1.75000763" index="1" material="1" look="1" up="3" color="ffbfaea3"/>
		</item>
		<item parent="4621" index="4631">
			<block lx="5.49999619" ly="13.875" lz="-14.2499924" ux="7.49999619" uy="20.875" uz="-12.2499924" index="1" material="1" look="1" up="3" color="ffbfaea3"/>
		</item>
		<item parent="4619" index="4632">
			<block lx="-2.00000381" ly="13.875" lz="-16.7499924" ux="-1.00000381" uy="20.875" uz="-15.7499924" index="1" material="1" look="1" up="3" color="ffbfaea3"/>
		</item>
		<item parent="2707" index="4633">
			<block lx="6.74999619" ly="13.875" lz="-6.74999237" ux="7.74999619" uy="20.875" uz="-5.74999237" index="1" material="1" look="1" up="3" color="ffbfaea3"/>
		</item>
		<item parent="4616" index="4634">
			<block lx="-0.500003815" ly="13.875" lz="5.00000763" ux="0.499996185" uy="20.875" uz="6.00000763" index="1" material="1" look="1" up="3" color="ffbfaea3"/>
		</item>
		<item parent="2707" index="4635">
			<block lx="-7.25000381" ly="13.875" lz="-5.74999237" ux="-6.25000381" uy="20.875" uz="-4.74999237" index="1" material="1" look="1" up="3" color="ffbfaea3"/>
		</item>
		<item parent="4622" index="4636">
			<block lx="-14.5000038" ly="13.875" lz="-2.49999237" ux="-13.5000038" uy="20.875" uz="-1.49999237" index="1" material="1" look="1" up="3" color="ffbfaea3"/>
		</item>
		<item parent="4617" index="4637">
			<block lx="-9.00000381" ly="13.875" lz="-18.9999924" ux="-8.00000381" uy="18.375" uz="-17.9999924" index="1" material="1" look="1" up="3" color="ffbfaea3"/>
		</item>
		<item parent="4616" index="4638">
			<block lx="-9.00000381" ly="13.875" lz="5.25000763" ux="-8.00000381" uy="18.375" uz="6.25000763" index="1" material="1" look="1" up="3" color="ffbfaea3"/>
		</item>
		<item parent="4620" index="4639">
			<block lx="10.7499962" ly="13.875" lz="-0.999992371" ux="11.7499962" uy="18.375" uz="7.62939453e-006" index="1" material="1" look="1" up="3" color="ffbfaea3"/>
		</item>
		<item parent="4617" index="4640">
			<block lx="1.99999619" ly="13.875" lz="-17.2499924" ux="2.99999619" uy="18.375" uz="-16.2499924" index="1" material="1" look="1" up="3" color="ffbfaea3"/>
		</item>
		<item parent="4621" index="4641">
			<block lx="8.24999619" ly="13.875" lz="-11.7499924" ux="9.24999619" uy="18.375" uz="-10.7499924" index="1" material="1" look="1" up="3" color="ffbfaea3"/>
		</item>
		<item parent="4623" index="4642">
			<block lx="11.9999962" ly="13.875" lz="-10.2499924" ux="12.4999962" uy="17.375" uz="-9.74999237" index="1" material="1" look="1" up="3" color="ffbfaea3"/>
		</item>
		<item parent="4622" index="4643">
			<block lx="8.49999619" ly="13.875" lz="-3.74999237" ux="8.99999619" uy="17.375" uz="-3.24999237" index="1" material="1" look="1" up="3" color="ffbfaea3"/>
		</item>
		<item parent="4614" index="4644">
			<block lx="3.99999619" ly="13.875" lz="6.00000763" ux="4.49999619" uy="17.375" uz="6.50000763" index="1" material="1" look="1" up="3" color="ffbfaea3"/>
		</item>
		<item parent="4620" index="4645">
			<block lx="-10.5000038" ly="13.875" lz="-1.24999237" ux="-10.0000038" uy="17.375" uz="-0.749992371" index="1" material="1" look="1" up="3" color="ffbfaea3"/>
		</item>
		<item parent="4621" index="4646">
			<block lx="-12.7500038" ly="13.875" lz="-11.9999924" ux="-12.2500038" uy="17.375" uz="-11.4999924" index="1" material="1" look="1" up="3" color="ffbfaea3"/>
		</item>
		<item parent="4623" index="4647">
			<block lx="-8.00000381" ly="13.875" lz="-9.99999237" ux="-7.50000381" uy="17.375" uz="-9.49999237" index="1" material="1" look="1" up="3" color="ffbfaea3"/>
		</item>
		<item parent="4619" index="4648">
			<block lx="-12.7500038" ly="13.874999" lz="-15.9999924" ux="-12.2500038" uy="17.375" uz="-15.4999924" index="1" material="1" look="1" up="3" color="ffbfaea3"/>
		</item>
		<item parent="4615" index="4649">
			<block lx="-0.750003815" ly="13.875" lz="-20.4999924" ux="-0.250003815" uy="17.375" uz="-19.9999924" index="1" material="1" look="1" up="3" color="ffbfaea3"/>
		</item>
		<item parent="4617" index="4650">
			<block lx="-5.00000381" ly="13.875" lz="-17.2499924" ux="-4.50000381" uy="17.375" uz="-16.7499924" index="1" material="1" look="1" up="3" color="ffbfaea3"/>
		</item>
		<item parent="4619" index="4651">
			<block lx="8.24999619" ly="13.875" lz="-15.7499924" ux="8.74999619" uy="17.375" uz="-15.2499924" index="1" material="1" look="1" up="3" color="ffbfaea3"/>
		</item>
		<item parent="4616" index="4652">
			<block lx="7.49999619" ly="13.875" lz="4.25000763" ux="7.99999619" uy="15.875" uz="4.75000763" index="1" material="1" look="1" up="3" color="ffbfaea3"/>
		</item>
		<item parent="4620" index="4653">
			<block lx="-3.25000381" ly="13.875" lz="-0.249992371" ux="-2.75000381" uy="15.875" uz="0.250007629" index="1" material="1" look="1" up="3" color="ffbfaea3"/>
		</item>
		<item parent="4618" index="4654">
			<block lx="2.99999619" ly="13.875" lz="1.50000763" ux="3.49999619" uy="15.875" uz="2.00000763" index="1" material="1" look="1" up="3" color="ffbfaea3"/>
		</item>
		<item parent="4614" index="4655">
			<block lx="-4.50000381" ly="13.875" lz="6.25000763" ux="-4.00000381" uy="15.875" uz="6.75000763" index="1" material="1" look="1" up="3" color="ffbfaea3"/>
		</item>
		<item parent="4618" index="4656">
			<block lx="-11.7500038" ly="13.875" lz="2.25000763" ux="-11.2500038" uy="15.875" uz="2.75000763" index="1" material="1" look="1" up="3" color="ffbfaea3"/>
		</item>
		<item parent="2707" index="4657">
			<block lx="-14.0000038" ly="13.875" lz="-7.24999237" ux="-13.5000038" uy="15.875" uz="-6.74999237" index="1" material="1" look="1" up="3" color="ffbfaea3"/>
		</item>
		<item parent="4623" index="4658">
			<block lx="-10.0000038" ly="13.875" lz="-9.99999237" ux="-9.50000381" uy="15.875" uz="-9.49999237" index="1" material="1" look="1" up="3" color="ffbfaea3"/>
		</item>
		<item parent="4621" index="4659">
			<block lx="1.74999619" ly="13.8750019" lz="-12.9999924" ux="2.24999619" uy="15.8750019" uz="-12.4999924" index="1" material="1" look="1" up="3" color="ffbfaea3"/>
		</item>
		<item parent="4617" index="4660">
			<block lx="4.74999619" ly="13.875" lz="-18.7499924" ux="5.24999619" uy="15.875" uz="-18.2499924" index="1" material="1" look="1" up="3" color="ffbfaea3"/>
		</item>
		<item parent="4624" index="4661">
			<block lx="-4.50000381" ly="13.8749981" lz="-20.9999924" ux="-4.00000381" uy="15.8749981" uz="-20.4999924" index="1" material="1" look="1" up="3" color="ffbfaea3"/>
		</item>
		<item parent="2707" index="4662">
			<block lx="2.74999619" ly="13.875" lz="-5.99999237" ux="3.24999619" uy="15.875" uz="-5.49999237" index="1" material="1" look="1" up="3" color="ffbfaea3"/>
		</item>
		<item parent="4623" index="4663">
			<block lx="4.74999619" ly="13.875" lz="-8.99999237" ux="5.24999619" uy="15.875" uz="-8.49999237" index="1" material="1" look="1" up="3" color="ffbfaea3"/>
		</item>
		<item parent="4622" index="4664">
			<block lx="11.9999962" ly="13.875" lz="-3.74999237" ux="12.4999962" uy="15.875" uz="-3.24999237" index="1" material="1" look="1" up="3" color="ffbfaea3"/>
		</item>
		<item parent="4614" index="4665">
			<block lx="-1.75000381" ly="13.874999" lz="7.75000763" ux="-1.25000381" uy="14.874999" uz="8.25000763" index="1" material="1" look="1" up="3" color="ffbfaea3"/>
		</item>
		<item parent="4616" index="4666">
			<block lx="-11.5000038" ly="13.875" lz="4.75000763" ux="-11.0000038" uy="14.875" uz="5.25000763" index="1" material="1" look="1" up="3" color="ffbfaea3"/>
		</item>
		<item parent="4622" index="4667">
			<block lx="-7.50000381" ly="13.875" lz="-2.24999237" ux="-7.00000381" uy="14.875" uz="-1.74999237" index="1" material="1" look="1" up="3" color="ffbfaea3"/>
		</item>
		<item parent="4623" index="4668">
			<block lx="-15.2500038" ly="13.875" lz="-9.99999237" ux="-14.7500038" uy="14.875" uz="-9.49999237" index="1" material="1" look="1" up="3" color="ffbfaea3"/>
		</item>
		<item parent="4623" index="4669">
			<block lx="-13.0000038" ly="13.875" lz="-9.49999237" ux="-12.5000038" uy="14.875" uz="-8.99999237" index="1" material="1" look="1" up="3" color="ffbfaea3"/>
		</item>
		<item parent="4624" index="4670">
			<block lx="1.49999619" ly="13.875" lz="-20.9999924" ux="1.99999619" uy="14.875" uz="-20.4999924" index="1" material="1" look="1" up="3" color="ffbfaea3"/>
		</item>
		<item parent="4619" index="4671">
			<block lx="4.99999619" ly="13.875" lz="-16.4999924" ux="5.49999619" uy="14.875" uz="-15.9999924" index="1" material="1" look="1" up="3" color="ffbfaea3"/>
		</item>
		<item parent="4619" index="4672">
			<block lx="0.749996185" ly="13.875" lz="-15.9999924" ux="1.24999619" uy="14.875" uz="-15.4999924" index="1" material="1" look="1" up="3" color="ffbfaea3"/>
		</item>
		<item parent="2707" index="4673">
			<block lx="10.4999962" ly="13.875" lz="-6.24999237" ux="10.9999962" uy="14.875" uz="-5.74999237" index="1" material="1" look="1" up="3" color="ffbfaea3"/>
		</item>
		<item parent="4618" index="4674">
			<block lx="8.74999619" ly="13.875" lz="2.25000763" ux="9.24999619" uy="14.875" uz="2.75000763" index="1" material="1" look="1" up="3" color="ffbfaea3"/>
		</item>
		<item parent="2707" index="4695">
			<block lx="-17.5000076" ly="9.375" lz="-7.84999084" ux="14.5" uy="13.375" uz="-4.64999199" index="2" material="1" look="1" up="3" color="bfbfbfbf"/>
		</item>
		<item parent="4695" index="4697">
			<block lx="13.8999882" ly="9.375" lz="-4.6499939" ux="14.5" uy="13.375" uz="-1.64999199" index="100" material="1" look="4" up="1" color="bfbfbfbf"/>
		</item>
		<item parent="4695" index="4698">
			<block lx="-17.5000095" ly="9.375" lz="-4.64999771" ux="-16.8999996" uy="13.375" uz="-1.6499958" index="100" material="1" look="1" up="5" color="bfbfbfbf"/>
		</item>
		<item parent="4695" index="4693">
			<block lx="13.8999901" ly="9.375" lz="-10.8499908" ux="14.5" uy="13.375" uz="-7.84998703" index="100" material="1" look="5" up="1" color="bfbfbfbf"/>
		</item>
		<item parent="4697" index="4699">
			<block lx="12.6999836" ly="9.375" lz="-1.64999771" ux="13.8999996" uy="13.375" uz="1.35000801" index="100" material="1" look="0" up="5" color="bfbfbfbf"/>
		</item>
		<item parent="4698" index="4700">
			<block lx="-16.8999996" ly="9.875" lz="-4.64999771" ux="13.8999939" uy="13.375" uz="-1.65000153" index="310" material="0" look="1" up="3" color="ffbfaea3"/>
		</item>
		<item parent="4693" index="4696">
			<block lx="-16.8999977" ly="9.875" lz="-10.849987" ux="13.8999958" uy="13.375" uz="-7.84999084" index="310" material="0" look="1" up="3" color="ffbfaea3"/>
		</item>
		<item parent="4693" index="4691">
			<block lx="12.6999855" ly="9.375" lz="-13.8499908" ux="13.9000015" uy="13.375" uz="-10.8499832" index="100" material="1" look="0" up="4" color="bfbfbfbf"/>
		</item>
		<item parent="4699" index="4701">
			<block lx="10.8999815" ly="9.375" lz="1.34999847" ux="12.6999874" uy="13.375" uz="3.75000954" index="100" material="1" look="0" up="5" color="bfbfbfbf"/>
		</item>
		<item parent="4691" index="4694">
			<block lx="-15.6999855" ly="9.875" lz="-13.8499832" ux="12.7000065" uy="13.375" uz="-10.849987" index="50" material="2" look="1" up="3" color="ffbfaea3"/>
		</item>
		<item parent="4691" index="4689">
			<block lx="10.8999834" ly="9.375" lz="-16.2499924" ux="12.6999893" uy="13.375" uz="-13.8499794" index="100" material="1" look="0" up="4" color="bfbfbfbf"/>
		</item>
		<item parent="4701" index="4702">
			<block lx="8.49998856" ly="9.375" lz="3.74999619" ux="10.8999844" uy="13.375" uz="6.15001106" index="100" material="1" look="0" up="5" color="bfbfbfbf"/>
		</item>
		<item parent="4689" index="4692">
			<block lx="-13.8999834" ly="9.875" lz="-16.2499809" ux="10.900012" uy="13.375" uz="-13.8499832" index="52" material="1" look="1" up="3" color="ffbfaea3"/>
		</item>
		<item parent="4689" index="4687">
			<block lx="8.49999046" ly="9.375" lz="-18.6499939" ux="10.8999863" uy="13.375" uz="-16.2499771" index="100" material="1" look="0" up="4" color="bfbfbfbf"/>
		</item>
		<item parent="4702" index="4703">
			<block lx="6.09999514" ly="9.375" lz="6.1499939" ux="8.49999046" uy="13.375" uz="7.9500103" index="100" material="1" look="4" up="1" color="bfbfbfbf"/>
		</item>
		<item parent="4687" index="4690">
			<block lx="-11.4999924" ly="9.875" lz="-18.6499786" ux="8.50000286" uy="13.375" uz="-16.2499809" index="310" material="0" look="1" up="3" color="ffbfaea3"/>
		</item>
		<item parent="4687" index="4685">
			<block lx="6.09999704" ly="9.375" lz="-20.4499969" ux="8.49999237" uy="13.375" uz="-18.6499786" index="100" material="1" look="5" up="1" color="bfbfbfbf"/>
		</item>
		<item parent="4703" index="4704">
			<block lx="3.09999609" ly="9.375" lz="7.94999313" ux="6.09999704" uy="13.375" uz="9.15002251" index="100" material="1" look="4" up="1" color="bfbfbfbf"/>
		</item>
		<item parent="4685" index="4688">
			<block lx="-9.09999657" ly="9.87500191" lz="-20.4499817" ux="6.0999999" uy="13.375" uz="-18.6499786" index="310" material="0" look="1" up="3" color="ffbfaea3"/>
		</item>
		<item parent="4685" index="4682">
			<block lx="3.099998" ly="9.375" lz="-21.6500092" ux="6.09999895" uy="13.375" uz="-20.4499779" index="100" material="1" look="5" up="1" color="bfbfbfbf"/>
		</item>
		<item parent="4704" index="4705">
			<block lx="0.0999962091" ly="9.375" lz="9.15000534" ux="3.09999704" uy="13.375" uz="9.75002861" index="100" material="1" look="0" up="5" color="bfbfbfbf"/>
		</item>
		<item parent="4682" index="4679">
			<block lx="0.0999990702" ly="9.375" lz="-22.2500076" ux="3.09999895" uy="13.375" uz="-21.6499863" index="100" material="1" look="0" up="4" color="bfbfbfbf"/>
		</item>
		<item parent="4705" index="4706">
			<block lx="-3.10000038" ly="9.375" lz="9.15000534" ux="0.0999965668" uy="13.375" uz="9.75002861" index="2" material="1" look="1" up="3" color="bfbfbfbf"/>
		</item>
		<item parent="4679" index="4683">
			<block lx="-3.09999752" ly="9.375" lz="-22.2500076" ux="0.0999994278" uy="13.375" uz="-21.6499863" index="2" material="1" look="1" up="3" color="bfbfbfbf"/>
		</item>
		<item parent="4679" index="4677">
			<block lx="-6.10298872" ly="9.375" lz="-21.6500092" ux="3.09701204" uy="13.375" uz="-20.4499779" index="2" material="1" look="1" up="3" color="bfbfbfbf"/>
		</item>
		<item parent="4706" index="4707">
			<block lx="-6.0999999" ly="9.375" lz="9.15000534" ux="-3.0999999" uy="13.375" uz="9.75002861" index="100" material="1" look="1" up="5" color="bfbfbfbf"/>
		</item>
		<item parent="4677" index="4680">
			<block lx="-6.099998" ly="9.375" lz="-22.2500076" ux="-3.09999704" uy="13.375" uz="-21.6499863" index="100" material="1" look="1" up="4" color="bfbfbfbf"/>
		</item>
		<item parent="4677" index="4675">
			<block lx="-9.1029892" ly="9.375" lz="-21.6500092" ux="-6.10298777" uy="13.375" uz="-20.4499779" index="100" material="1" look="1" up="4" color="bfbfbfbf"/>
		</item>
		<item parent="4707" index="4708">
			<block lx="-9.10000038" ly="9.375" lz="7.94999313" ux="-6.09999895" uy="13.375" uz="9.15002251" index="100" material="1" look="1" up="5" color="bfbfbfbf"/>
		</item>
		<item parent="4675" index="4676">
			<block lx="-11.5" ly="9.375" lz="-20.4499969" ux="-9.1000042" uy="13.375" uz="-18.6499786" index="100" material="1" look="1" up="4" color="bfbfbfbf"/>
		</item>
		<item parent="4708" index="4709">
			<block lx="-11.4999943" ly="9.375" lz="6.1499939" ux="-9.09999847" uy="13.375" uz="7.9500103" index="100" material="1" look="1" up="5" color="bfbfbfbf"/>
		</item>
		<item parent="4708" index="4710">
			<block lx="-6.0999999" ly="9.375" lz="7.94999313" ux="3.0999999" uy="13.375" uz="9.15002251" index="2" material="1" look="1" up="3" color="bfbfbfbf"/>
		</item>
		<item parent="4676" index="4678">
			<block lx="-13.8999939" ly="9.375" lz="-18.6499939" ux="-11.4999981" uy="13.375" uz="-16.2499809" index="100" material="1" look="1" up="4" color="bfbfbfbf"/>
		</item>
		<item parent="4709" index="4711">
			<block lx="-13.8999882" ly="9.375" lz="3.74999428" ux="-11.4999924" uy="13.375" uz="6.15000725" index="100" material="1" look="1" up="5" color="bfbfbfbf"/>
		</item>
		<item parent="4709" index="4712">
			<block lx="-9.09999847" ly="9.87500191" lz="6.1499939" ux="6.099998" uy="13.375" uz="7.94999313" index="310" material="0" look="1" up="3" color="ffbfaea3"/>
		</item>
		<item parent="4678" index="4681">
			<block lx="-15.6999969" ly="9.375" lz="-16.2499924" ux="-13.899991" uy="13.375" uz="-13.8499832" index="100" material="1" look="1" up="4" color="bfbfbfbf"/>
		</item>
		<item parent="4711" index="4713">
			<block lx="-15.6999912" ly="9.375" lz="1.34999466" ux="-13.8999853" uy="13.375" uz="3.75000572" index="100" material="1" look="1" up="5" color="bfbfbfbf"/>
		</item>
		<item parent="4711" index="4714">
			<block lx="-11.4999943" ly="9.875" lz="3.74999428" ux="8.50000095" uy="13.375" uz="6.1499939" index="310" material="0" look="1" up="3" color="ffbfaea3"/>
		</item>
		<item parent="4681" index="4684">
			<block lx="-16.9000092" ly="9.375" lz="-13.8499908" ux="-15.6999931" uy="13.375" uz="-10.849987" index="100" material="1" look="1" up="4" color="bfbfbfbf"/>
		</item>
		<item parent="4713" index="4715">
			<block lx="-16.9000034" ly="9.375" lz="-1.65000153" ux="-15.6999874" uy="13.375" uz="1.3500042" index="100" material="1" look="1" up="5" color="bfbfbfbf"/>
		</item>
		<item parent="4713" index="4716">
			<block lx="-13.8999853" ly="9.875" lz="1.34999466" ux="10.9000101" uy="13.375" uz="3.74999428" index="52" material="1" look="1" up="3" color="ffbfaea3"/>
		</item>
		<item parent="4684" index="4686">
			<block lx="-17.5000076" ly="9.375" lz="-10.8499908" ux="-16.8999977" uy="13.375" uz="-7.84999084" index="100" material="1" look="1" up="4" color="bfbfbfbf"/>
		</item>
		<item parent="4715" index="4717">
			<block lx="-15.6999874" ly="9.875" lz="-1.65000153" ux="12.7000046" uy="13.375" uz="1.34999466" index="50" material="2" look="1" up="3" color="ffbfaea3"/>
		</item>
		<item parent="4711" index="4757">
			<block lx="-11.4999962" ly="9.375" lz="3.75000572" ux="8.50000381" uy="9.875" uz="6.15000725" index="2" material="1" look="1" up="3" color="bfbfbfbf"/>
		</item>
		<item parent="4685" index="4731">
			<block lx="-9.09999847" ly="9.375" lz="-20.4499969" ux="6.10000181" uy="9.875" uz="-18.6499939" index="2" material="1" look="1" up="3" color="bfbfbfbf"/>
		</item>
		<item parent="4713" index="4759">
			<block lx="-13.8999882" ly="9.375" lz="1.3500042" ux="10.900013" uy="9.875" uz="3.75000572" index="2" material="1" look="1" up="3" color="bfbfbfbf"/>
		</item>
		<item parent="4715" index="4760">
			<block lx="-15.6999912" ly="9.375" lz="-1.6499958" ux="12.7000084" uy="9.875" uz="1.3500042" index="2" material="1" look="1" up="3" color="bfbfbfbf"/>
		</item>
		<item parent="4709" index="4755">
			<block lx="-9.10000038" ly="9.375" lz="6.15000725" ux="6.0999999" uy="9.875" uz="7.9500103" index="2" material="1" look="1" up="3" color="bfbfbfbf"/>
		</item>
		<item parent="4698" index="4743">
			<block lx="-16.9000034" ly="9.375" lz="-4.6499958" ux="13.8999977" uy="9.875" uz="-1.6499958" index="2" material="1" look="1" up="3" color="bfbfbfbf"/>
		</item>
		<item parent="4693" index="4739">
			<block lx="-16.9000015" ly="9.375" lz="-10.8499908" ux="13.8999996" uy="9.875" uz="-7.84999084" index="2" material="1" look="1" up="3" color="bfbfbfbf"/>
		</item>
		<item parent="4687" index="4733">
			<block lx="-11.4999943" ly="9.375" lz="-18.6499939" ux="8.50000572" uy="9.875" uz="-16.2499924" index="2" material="1" look="1" up="3" color="bfbfbfbf"/>
		</item>
		<item parent="4689" index="4735">
			<block lx="-13.8999863" ly="9.375" lz="-16.2499924" ux="10.9000149" uy="9.875" uz="-13.8499908" index="2" material="1" look="1" up="3" color="bfbfbfbf"/>
		</item>
		<item parent="4691" index="4737">
			<block lx="-15.6999893" ly="9.375" lz="-13.8499908" ux="12.7000103" uy="9.875" uz="-10.8499908" index="2" material="1" look="1" up="3" color="bfbfbfbf"/>
		</item>
		<item parent="4695" index="4761">
			<block lx="-26.0000038" ly="-7.375" lz="-24.8749924" ux="20.4999962" uy="9.375" uz="13.1250076" index="4" material="0" look="1" up="3" color="ffbfaea3"/>
		</item>
		<item parent="4761" index="4769">
			<block lx="-46.5000038" ly="-24.125" lz="-24.8749924" ux="47.2500038" uy="-7.375" uz="13.1250076" index="4" material="0" look="1" up="3" color="ffbfaea3"/>
		</item>
		<item parent="4769" index="4770">
			<block lx="-26.0000038" ly="-40.875" lz="-24.8749924" ux="20.4999962" uy="-24.125" uz="13.1250076" index="4" material="0" look="1" up="3" color="ffbfaea3"/>
		</item>
		<item parent="4761" index="4771">
			<block lx="-26.0000038" ly="-7.375" lz="13.1250076" ux="20.4999962" uy="9.375" uz="51.1250038" index="185" material="0" look="4" up="3" color="ffbfaea3"/>
		</item>
		<item parent="4770" index="4772">
			<block lx="-26.0000038" ly="-40.875" lz="13.1250076" ux="20.4999962" uy="-24.125" uz="51.125" index="185" material="0" look="4" up="2" color="ffbfaea3"/>
		</item>
		<item parent="4770" index="4773">
			<block lx="-26.0000038" ly="-40.875" lz="-51.6249924" ux="20.4999962" uy="-24.125" uz="-24.8749924" index="185" material="0" look="5" up="2" color="ffbfaea3"/>
		</item>
		<item parent="4761" index="4774">
			<block lx="-26.0000038" ly="-7.375" lz="-51.6249924" ux="20.4999962" uy="9.375" uz="-24.8749924" index="185" material="0" look="5" up="3" color="ffbfaea3"/>
		</item>
		<item parent="4761" index="4775">
			<block lx="20.5000038" ly="-7.375" lz="-24.8749924" ux="47.2500038" uy="9.375" uz="13.1250076" index="185" material="0" look="0" up="3" color="ffbfaea3"/>
		</item>
		<item parent="4770" index="4776">
			<block lx="20.5000038" ly="-40.875" lz="-24.8749924" ux="47.2500038" uy="-24.125" uz="13.1250076" index="185" material="0" look="0" up="2" color="ffbfaea3"/>
		</item>
		<item parent="4770" index="4777">
			<block lx="-46.5000038" ly="-40.875" lz="-24.8749924" ux="-26.0000038" uy="-24.125" uz="13.1250076" index="185" material="0" look="1" up="2" color="ffbfaea3"/>
		</item>
		<item parent="4761" index="4778">
			<block lx="-46.5000038" ly="-7.375" lz="-24.8749924" ux="-26.0000038" uy="9.375" uz="13.1250076" index="185" material="0" look="1" up="3" color="ffbfaea3"/>
		</item>
		<item parent="4838" index="4840">
			<block lx="-13.8999882" ly="40.375" lz="3.75000572" ux="-11.4999943" uy="40.875" uz="6.15000725" index="171" material="0" look="1" up="5" color="fffffafa"/>
		</item>
		<item parent="4877" index="4878">
			<block lx="13.9499989" ly="13.875" lz="-10.7729187" ux="14.5500069" uy="40.3749962" uz="-7.75209045" index="171" material="0" look="0" up="4" color="fffffafa"/>
		</item>
		<item parent="4837" index="4839">
			<block lx="-6.0999999" ly="40.375" lz="7.9500103" ux="3.0999999" uy="40.875" uz="9.15002251" index="170" material="0" look="1" up="3" color="fffffafa"/>
		</item>
		<item parent="4772" index="4782">
			<block lx="-26.0000038" ly="-24.125" lz="13.1250076" ux="20.4999962" uy="-7.375" uz="51.125" index="4" material="0" look="1" up="3" color="ffbfaea3"/>
		</item>
		<item parent="4775" index="4783">
			<block lx="20.5000038" ly="-7.375" lz="13.125" ux="47.2500038" uy="9.375" uz="51.125" index="186" material="0" look="4" up="3" color="ffbfaea3"/>
		</item>
		<item parent="4774" index="4784">
			<block lx="20.4999962" ly="-7.375" lz="-51.6249924" ux="46.9999962" uy="9.375" uz="-24.8749924" index="186" material="0" look="0" up="3" color="ffbfaea3"/>
		</item>
		<item parent="4778" index="4785">
			<block lx="-46.5000038" ly="-7.375" lz="-51.3749924" ux="-26.0000038" uy="9.375" uz="-24.8749924" index="186" material="0" look="5" up="3" color="ffbfaea3"/>
		</item>
		<item parent="4778" index="4786">
			<block lx="-46.5000038" ly="-7.375" lz="13.1250038" ux="-26.0000038" uy="9.375" uz="51.1250038" index="186" material="0" look="1" up="3" color="ffbfaea3"/>
		</item>
		<item parent="4777" index="4787">
			<block lx="-46.5000038" ly="-40.875" lz="-51.6249924" ux="-26.0000038" uy="-24.125" uz="-24.8749924" index="186" material="0" look="1" up="2" color="ffbfaea3"/>
		</item>
		<item parent="4772" index="4788">
			<block lx="-47.2500038" ly="-40.875" lz="13.1250076" ux="-26.0000038" uy="-24.125" uz="51.125" index="186" material="0" look="4" up="2" color="ffbfaea3"/>
		</item>
		<item parent="4776" index="4789">
			<block lx="20.5000038" ly="-40.875" lz="13.1250076" ux="47.2500038" uy="-24.125" uz="51.6249924" index="186" material="0" look="4" up="1" color="ffbfaea3"/>
		</item>
		<item parent="4773" index="4790">
			<block lx="20.4999962" ly="-40.875" lz="-51.6249924" ux="46.9999962" uy="-24.125" uz="-24.8749924" index="186" material="0" look="5" up="2" color="ffbfaea3"/>
		</item>
		<item parent="4769" index="4795">
			<block lx="-46.5000038" ly="-24.125" lz="-51.6249924" ux="-26.0000038" uy="-7.375" uz="-24.8749924" index="185" material="0" look="5" up="0" color="ffbfaea3"/>
		</item>
		<item parent="4769" index="4792">
			<block lx="20.5000038" ly="-24.125" lz="13.1250076" ux="47.2500038" uy="-7.375" uz="51.1250038" index="185" material="0" look="4" up="1" color="ffbfaea3"/>
		</item>
		<item parent="4769" index="4794">
			<block lx="20.5000038" ly="-24.125" lz="-51.6249924" ux="47.2500038" uy="-7.375" uz="-24.8749924" index="185" material="0" look="5" up="1" color="ffbfaea3"/>
		</item>
		<item parent="4769" index="4796">
			<block lx="-46.5000038" ly="-24.125" lz="13.1250076" ux="-26.0000038" uy="-7.375" uz="51.1250076" index="185" material="0" look="4" up="0" color="ffbfaea3"/>
		</item>
		<item parent="4862" index="4863">
			<block lx="-17.5000057" ly="13.875" lz="-4.74788857" ux="-16.8999996" uy="40.375" uz="-1.72706032" index="171" material="0" look="1" up="5" color="fffffafa"/>
		</item>
		<item parent="4800" index="4798">
			<block lx="-9.1029892" ly="40.375" lz="-21.6500092" ux="-6.10298872" uy="40.875" uz="-20.4499969" index="171" material="0" look="1" up="4" color="fffffafa"/>
		</item>
		<item parent="4798" index="4799">
			<block lx="-11.5" ly="40.375" lz="-20.4499969" ux="-9.1000061" uy="40.875" uz="-18.6499939" index="171" material="0" look="1" up="4" color="fffffafa"/>
		</item>
		<item parent="4802" index="4800">
			<block lx="-6.10298872" ly="40.375" lz="-21.6500092" ux="3.09701204" uy="40.875" uz="-20.4499969" index="170" material="0" look="1" up="3" color="fffffafa"/>
		</item>
		<item parent="4799" index="4801">
			<block lx="-13.8999939" ly="40.375" lz="-18.6499939" ux="-11.5" uy="40.875" uz="-16.2499924" index="171" material="0" look="1" up="4" color="fffffafa"/>
		</item>
		<item parent="4806" index="4802">
			<block lx="0.0999994278" ly="40.375" lz="-22.2500076" ux="3.09999895" uy="40.875" uz="-21.6500015" index="171" material="0" look="0" up="4" color="fffffafa"/>
		</item>
		<item parent="4800" index="4803">
			<block lx="-6.099998" ly="40.375" lz="-22.2500076" ux="-3.09999752" uy="40.875" uz="-21.6500015" index="171" material="0" look="1" up="4" color="fffffafa"/>
		</item>
		<item parent="4845" index="4848">
			<block lx="-15.6999912" ly="40.375" lz="-1.6499958" ux="12.7000084" uy="40.875" uz="1.3500042" index="170" material="0" look="1" up="3" color="fffffafa"/>
		</item>
		<item parent="4801" index="4805">
			<block lx="-15.6999969" ly="40.375" lz="-16.2499924" ux="-13.8999939" uy="40.875" uz="-13.8499908" index="171" material="0" look="1" up="4" color="fffffafa"/>
		</item>
		<item parent="4809" index="4806">
			<block lx="3.09999895" ly="40.375" lz="-21.6500092" ux="6.09999895" uy="40.875" uz="-20.4499969" index="171" material="0" look="5" up="1" color="fffffafa"/>
		</item>
		<item parent="4802" index="4807">
			<block lx="-3.09999752" ly="40.375" lz="-22.2500076" ux="0.0999994278" uy="40.875" uz="-21.6500015" index="170" material="0" look="1" up="3" color="fffffafa"/>
		</item>
		<item parent="4805" index="4808">
			<block lx="-16.9000092" ly="40.375" lz="-13.8499908" ux="-15.6999969" uy="40.875" uz="-10.8499908" index="171" material="0" look="1" up="4" color="fffffafa"/>
		</item>
		<item parent="4811" index="4809">
			<block lx="6.09999895" ly="40.375" lz="-20.4499969" ux="8.49999237" uy="40.875" uz="-18.6499939" index="171" material="0" look="5" up="1" color="fffffafa"/>
		</item>
		<item parent="4808" index="4810">
			<block lx="-17.5000076" ly="40.375" lz="-10.8499908" ux="-16.9000015" uy="40.875" uz="-7.84999084" index="171" material="0" look="1" up="4" color="fffffafa"/>
		</item>
		<item parent="4813" index="4811">
			<block lx="8.49999237" ly="40.375" lz="-18.6499939" ux="10.8999863" uy="40.875" uz="-16.2499924" index="171" material="0" look="0" up="4" color="fffffafa"/>
		</item>
		<item parent="4809" index="4812">
			<block lx="-9.09999847" ly="40.375" lz="-20.4499969" ux="6.10000181" uy="40.875" uz="-18.6499939" index="170" material="0" look="1" up="3" color="fffffafa"/>
		</item>
		<item parent="4815" index="4813">
			<block lx="10.8999863" ly="40.375" lz="-16.2499924" ux="12.6999893" uy="40.875" uz="-13.8499908" index="171" material="0" look="0" up="4" color="fffffafa"/>
		</item>
		<item parent="4811" index="4814">
			<block lx="-11.4999943" ly="40.375" lz="-18.6499939" ux="8.50000572" uy="40.875" uz="-16.2499924" index="170" material="0" look="1" up="3" color="fffffafa"/>
		</item>
		<item parent="4817" index="4815">
			<block lx="12.6999893" ly="40.375" lz="-13.8499908" ux="13.9000015" uy="40.875" uz="-10.8499908" index="171" material="0" look="0" up="4" color="fffffafa"/>
		</item>
		<item parent="4813" index="4816">
			<block lx="-13.8999863" ly="40.375" lz="-16.2499924" ux="10.9000149" uy="40.875" uz="-13.8499908" index="170" material="0" look="1" up="3" color="fffffafa"/>
		</item>
		<item parent="4820" index="4817">
			<block lx="13.8999939" ly="40.375" lz="-10.8499908" ux="14.5" uy="40.875" uz="-7.84999084" index="171" material="0" look="5" up="1" color="fffffafa"/>
		</item>
		<item parent="4815" index="4818">
			<block lx="-15.6999893" ly="40.375" lz="-13.8499908" ux="12.7000103" uy="40.875" uz="-10.8499908" index="170" material="0" look="1" up="3" color="fffffafa"/>
		</item>
		<item parent="4840" index="4842">
			<block lx="-15.6999912" ly="40.375" lz="1.3500042" ux="-13.8999882" uy="40.875" uz="3.75000572" index="171" material="0" look="1" up="5" color="fffffafa"/>
		</item>
		<item parent="4822" index="4820">
			<block lx="-17.5000076" ly="40.375" lz="-7.84999084" ux="14.5" uy="40.875" uz="-4.64999199" index="170" material="0" look="1" up="3" color="fffffafa"/>
		</item>
		<item parent="4817" index="4821">
			<block lx="-16.9000015" ly="40.375" lz="-10.8499908" ux="13.8999996" uy="40.875" uz="-7.84999084" index="170" material="0" look="1" up="3" color="fffffafa"/>
		</item>
		<item parent="4827" index="4822">
			<block lx="13.899992" ly="40.375" lz="-4.64999199" ux="14.5" uy="40.875" uz="-1.64999199" index="171" material="0" look="4" up="1" color="fffffafa"/>
		</item>
		<item parent="4820" index="4823">
			<block lx="-17.5000095" ly="40.375" lz="-4.6499958" ux="-16.9000034" uy="40.875" uz="-1.6499958" index="171" material="0" look="1" up="5" color="fffffafa"/>
		</item>
		<item parent="4838" index="4841">
			<block lx="-9.10000038" ly="40.375" lz="6.15000725" ux="6.0999999" uy="40.875" uz="7.9500103" index="170" material="0" look="1" up="3" color="fffffafa"/>
		</item>
		<item parent="4842" index="4845">
			<block lx="-16.9000034" ly="40.375" lz="-1.6499958" ux="-15.6999912" uy="40.875" uz="1.3500042" index="171" material="0" look="1" up="5" color="fffffafa"/>
		</item>
		<item parent="4842" index="4846">
			<block lx="-13.8999882" ly="40.375" lz="1.3500042" ux="10.900013" uy="40.875" uz="3.75000572" index="170" material="0" look="1" up="3" color="fffffafa"/>
		</item>
		<item parent="4829" index="4827">
			<block lx="12.6999874" ly="40.375" lz="-1.64999199" ux="13.8999996" uy="40.875" uz="1.35000801" index="171" material="0" look="0" up="5" color="fffffafa"/>
		</item>
		<item parent="4823" index="4828">
			<block lx="-16.9000034" ly="40.375" lz="-4.6499958" ux="13.8999977" uy="40.875" uz="-1.6499958" index="170" material="0" look="1" up="3" color="fffffafa"/>
		</item>
		<item parent="4831" index="4829">
			<block lx="10.8999844" ly="40.375" lz="1.35000801" ux="12.6999874" uy="40.875" uz="3.75000954" index="171" material="0" look="0" up="5" color="fffffafa"/>
		</item>
		<item parent="4840" index="4843">
			<block lx="-11.4999962" ly="40.375" lz="3.75000572" ux="8.50000381" uy="40.875" uz="6.15000725" index="170" material="0" look="1" up="3" color="fffffafa"/>
		</item>
		<item parent="4832" index="4831">
			<block lx="8.49999046" ly="40.375" lz="3.75000954" ux="10.8999844" uy="40.875" uz="6.15001106" index="171" material="0" look="0" up="5" color="fffffafa"/>
		</item>
		<item parent="4833" index="4832">
			<block lx="6.09999704" ly="40.375" lz="6.15000725" ux="8.49999046" uy="40.875" uz="7.9500103" index="171" material="0" look="4" up="1" color="fffffafa"/>
		</item>
		<item parent="4834" index="4833">
			<block lx="3.09999704" ly="40.375" lz="7.9500103" ux="6.09999704" uy="40.875" uz="9.15002251" index="171" material="0" look="4" up="1" color="fffffafa"/>
		</item>
		<item parent="4854" index="4834">
			<block lx="0.0999952555" ly="13.875" lz="9.14793968" ux="3.09999704" uy="40.875" uz="9.75211143" index="171" material="0" look="0" up="5" color="fffffafa"/>
		</item>
		<item parent="4834" index="4835">
			<block lx="-3.10000038" ly="13.875" lz="9.14793968" ux="0.0999965668" uy="40.875" uz="9.75211143" index="170" material="0" look="1" up="3" color="fffffafa"/>
		</item>
		<item parent="4835" index="4836">
			<block lx="-6.0999999" ly="13.875" lz="9.14793968" ux="-3.0999999" uy="40.875" uz="9.75211143" index="171" material="0" look="1" up="5" color="fffffafa"/>
		</item>
		<item parent="4836" index="4837">
			<block lx="-9.10000038" ly="40.375" lz="7.9500103" ux="-6.0999999" uy="40.875" uz="9.15002251" index="171" material="0" look="1" up="5" color="fffffafa"/>
		</item>
		<item parent="4837" index="4838">
			<block lx="-11.4999943" ly="40.375" lz="6.15000725" ux="-9.10000038" uy="40.875" uz="7.9500103" index="171" material="0" look="1" up="5" color="fffffafa"/>
		</item>
		<item parent="2689" index="4849">
			<block lx="13.8999872" ly="13.875" lz="-4.74788475" ux="14.4999943" uy="40.375" uz="-1.7270565" index="171" material="0" look="4" up="1" color="fffffafa"/>
		</item>
		<item parent="4849" index="4850">
			<block lx="12.6999826" ly="13.875" lz="-1.7270565" ux="13.8999949" uy="40.375" uz="1.29377174" index="171" material="0" look="0" up="5" color="fffffafa"/>
		</item>
		<item parent="4850" index="4851">
			<block lx="10.8999805" ly="13.875" lz="1.29377174" ux="12.6999826" uy="40.375" uz="3.71043587" index="171" material="0" look="0" up="5" color="fffffafa"/>
		</item>
		<item parent="4851" index="4852">
			<block lx="8.4999876" ly="13.875" lz="3.71043587" ux="10.8999805" uy="40.375" uz="6.12709999" index="171" material="0" look="0" up="5" color="fffffafa"/>
		</item>
		<item parent="4852" index="4853">
			<block lx="6.09999466" ly="13.875" lz="6.12709618" ux="8.4999876" uy="40.375" uz="7.93959618" index="171" material="0" look="4" up="1" color="fffffafa"/>
		</item>
		<item parent="4853" index="4854">
			<block lx="3.09999561" ly="13.875" lz="7.93959618" ux="6.09999466" uy="40.375" uz="9.14793968" index="171" material="0" look="4" up="1" color="fffffafa"/>
		</item>
		<item parent="4863" index="4880">
			<block lx="-17.5020885" ly="13.875" lz="-7.94788361" ux="-16.8979168" uy="40.375" uz="-4.74788666" index="170" material="0" look="1" up="3" color="fffffafa"/>
		</item>
		<item parent="4849" index="4879">
			<block lx="13.8979053" ly="13.875" lz="-7.94788361" ux="14.5020771" uy="40.375" uz="-4.74788666" index="170" material="0" look="1" up="3" color="fffffafa"/>
		</item>
		<item parent="4865" index="4864">
			<block lx="-17.449995" ly="13.875" lz="-10.7729263" ux="-16.849987" uy="40.3749962" uz="-7.75209808" index="171" material="0" look="5" up="0" color="fffffafa"/>
		</item>
		<item parent="4836" index="4858">
			<block lx="-9.09999847" ly="13.875" lz="7.93959618" ux="-6.09999943" uy="40.375" uz="9.14793968" index="171" material="0" look="1" up="5" color="fffffafa"/>
		</item>
		<item parent="4858" index="4859">
			<block lx="-11.4999924" ly="13.875" lz="6.12709618" ux="-9.09999847" uy="40.375" uz="7.93959618" index="171" material="0" look="1" up="5" color="fffffafa"/>
		</item>
		<item parent="4859" index="4860">
			<block lx="-13.8999853" ly="13.875" lz="3.71043205" ux="-11.4999924" uy="40.375" uz="6.12709618" index="171" material="0" look="1" up="5" color="fffffafa"/>
		</item>
		<item parent="4860" index="4861">
			<block lx="-15.6999874" ly="13.875" lz="1.29376793" ux="-13.8999853" uy="40.375" uz="3.71043205" index="171" material="0" look="1" up="5" color="fffffafa"/>
		</item>
		<item parent="4861" index="4862">
			<block lx="-16.8999996" ly="13.875" lz="-1.72706032" ux="-15.6999874" uy="40.375" uz="1.29376793" index="171" material="0" look="1" up="5" color="fffffafa"/>
		</item>
		<item parent="2698" index="4871">
			<block lx="-3.04999352" ly="13.875" lz="-22.2520943" ux="0.150001645" uy="40.3749962" uz="-21.6479225" index="170" material="0" look="1" up="3" color="fffffafa"/>
		</item>
		<item parent="4871" index="4872">
			<block lx="0.150001645" ly="13.875" lz="-22.2520943" ux="3.15000105" uy="40.3749962" uz="-21.6479225" index="171" material="0" look="0" up="4" color="fffffafa"/>
		</item>
		<item parent="4871" index="4870">
			<block lx="-6.04999399" ly="13.875" lz="-22.2520943" ux="-3.04999352" uy="40.3749962" uz="-21.6479225" index="171" material="0" look="1" up="4" color="fffffafa"/>
		</item>
		<item parent="4872" index="4873">
			<block lx="3.15000105" ly="13.875" lz="-21.6479225" ux="6.1500001" uy="40.3749962" uz="-20.439579" index="171" material="0" look="0" up="4" color="fffffafa"/>
		</item>
		<item parent="4870" index="4869">
			<block lx="-9.04999352" ly="13.875" lz="-21.6479225" ux="-6.04999399" uy="40.3749962" uz="-20.439579" index="171" material="0" look="5" up="0" color="fffffafa"/>
		</item>
		<item parent="4873" index="4874">
			<block lx="6.1500001" ly="13.875" lz="-20.439579" ux="8.54999352" uy="40.3749962" uz="-18.627079" index="171" material="0" look="0" up="4" color="fffffafa"/>
		</item>
		<item parent="4869" index="4868">
			<block lx="-11.4499855" ly="13.875" lz="-20.439579" ux="-9.04999352" uy="40.3749962" uz="-18.627079" index="171" material="0" look="5" up="0" color="fffffafa"/>
		</item>
		<item parent="4874" index="4875">
			<block lx="8.54999352" ly="13.875" lz="-18.627079" ux="10.9499874" uy="40.3749962" uz="-16.2104149" index="171" material="0" look="0" up="4" color="fffffafa"/>
		</item>
		<item parent="4868" index="4867">
			<block lx="-13.8499794" ly="13.875" lz="-18.6270828" ux="-11.4499855" uy="40.3749962" uz="-16.2104187" index="171" material="0" look="1" up="4" color="fffffafa"/>
		</item>
		<item parent="4875" index="4876">
			<block lx="10.9499874" ly="13.875" lz="-16.2104149" ux="12.7499886" uy="40.3749962" uz="-13.7937469" index="171" material="0" look="0" up="4" color="fffffafa"/>
		</item>
		<item parent="4867" index="4866">
			<block lx="-15.6499805" ly="13.875" lz="-16.2104187" ux="-13.8499794" uy="40.3749962" uz="-13.7937546" index="171" material="0" look="1" up="4" color="fffffafa"/>
		</item>
		<item parent="4876" index="4877">
			<block lx="12.7499886" ly="13.875" lz="-13.7937469" ux="13.9500008" uy="40.3749962" uz="-10.7729187" index="171" material="0" look="0" up="4" color="fffffafa"/>
		</item>
		<item parent="4866" index="4865">
			<block lx="-16.8499947" ly="13.875" lz="-13.7937546" ux="-15.6499825" uy="40.3749962" uz="-10.7729263" index="171" material="0" look="1" up="4" color="fffffafa"/>
		</item>
		<item parent="4795" index="4910">
			<block lx="-26.0000057" ly="-24.125" lz="-51.6249924" ux="-4.00000572" uy="-7.375" uz="-24.8749924" index="4" material="0" look="1" up="3" color="ffbfaea3"/>
		</item>
		<item parent="4794" index="4911">
			<block lx="-1.49999619" ly="-24.125" lz="-51.6249924" ux="20.5000038" uy="-7.375" uz="-24.8749924" index="4" material="0" look="1" up="3" color="ffbfaea3"/>
		</item>
		<item parent="4910" index="4913">
			<block lx="-4.00000572" ly="-17" lz="-51.6249924" ux="-1.50001335" uy="-14.5" uz="-24.8749924" index="11" material="0" look="5" up="3" color="ffbfaea3"/>
		</item>
		<item parent="4913" index="4914">
			<block lx="-4.00001335" ly="-14.5" lz="-51.6249924" ux="-1.50002098" uy="-7.375" uz="-24.8749924" index="4" material="0" look="1" up="3" color="ffbfaea3"/>
		</item>
		<item parent="4913" index="4912">
			<block lx="-4.00001335" ly="-24.125" lz="-51.6249924" ux="-1.50002098" uy="-17" uz="-24.8749924" index="4" material="0" look="1" up="3" color="ffbfaea3"/>
		</item>
		<item parent="4914" index="4915">
			<block lx="-4.00001717" ly="-14.5" lz="-51.7499924" ux="-1.50001717" uy="-14.375" uz="-51.6249924" index="150" material="1" look="1" up="3" color="ffbfaea3"/>
		</item>
		<item parent="4912" index="4916">
			<block lx="-4.00001717" ly="-17.125" lz="-51.7499924" ux="-1.50001717" uy="-17" uz="-51.6249924" index="150" material="1" look="1" up="3" color="ffbfaea3"/>
		</item>
		<item parent="4911" index="4917">
			<block lx="-1.51249599" ly="-17.125" lz="-51.7499924" ux="-1.38749599" uy="-14.375" uz="-51.6249924" index="150" material="1" look="1" up="3" color="ffbfaea3"/>
		</item>
		<item parent="4910" index="4918">
			<block lx="-4.11250591" ly="-17.1250038" lz="-51.7499924" ux="-3.98750591" uy="-14.3749962" uz="-51.6249924" index="150" material="1" look="1" up="3" color="ffbfaea3"/>
		</item>
	</plan>
</ship_design>
